"date","time","tow.id","crab.number","shell.condition","colour.L","colour.a","colour.b","tow.number","carapace.width","chela.height","missing.legs","samplers"
"2025-08-13","09:49:56","GP007F",4,4,51.9241577955661,1.58486914376615,25.6010926263298,4,92.07,22.21,"******11**","Murray McWilliams"
"2025-08-13","09:51:47","GP007F",5,2,67.0641679388502,-3.91842691885735,3.12030453016512,4,110.94,26.9,"***1******","Murray McWilliams"
"2025-08-06","06:10:32","GP008F",16,3,58.6386819972155,-2.09007430416275,16.3258929806249,1,131.77,37.63,"*******1**","Yves Larocque"
"2025-08-06","06:13:30","GP008F",17,4,50.3556340781038,0.669748566621386,21.4020553609328,1,91.64,22.92,"*1********","Yves Larocque"
"2025-08-06","06:18:29","GP008F",31,2,63.3494952818768,-3.47925634707635,0.742616394053885,1,105.45,27.06,"**********","Yves Larocque"
"2025-08-13","11:37:02","GP010F",20,4,50.5758750137113,2.13483793874336,25.0311564128816,5,93.65,23.46,"1*******1*","Murray McWilliams"
"2025-08-06","08:10:55","GP011F",27,2,61.1513978673286,-2.84486018806757,2.11194267258124,3,90.58,21.54,"*1********","Yves Larocque"
"2025-08-13","12:50:40","GP012F",4,4,56.2276931746508,-2.44363557146515,12.7093961435726,6,96.41,23.86,"******1***","Murray McWilliams"
"2025-08-13","12:52:05","GP012F",5,2,62.4434243678408,-2.93971543127541,6.33503921578433,6,109.66,28.3,"**********","Murray McWilliams"
"2025-08-13","12:53:24","GP012F",6,3,54.2332942178467,-1.88763637557715,13.1719973118397,6,92.09,22.79,"*******1**","Murray McWilliams"
"2025-08-13","14:40:01","GP013F",1,4,62.5413858556693,-0.634832700395216,18.7348058976481,7,119.2,31.9,"**********","Murray McWilliams"
"2025-08-14","09:52:54","GP014F",20,2,55.6262874044908,-2.86426076252361,4.55645088243728,2,98.67,19.47,"**1*******","Yves Larocque"
"2025-08-14","09:55:36","GP014F",21,3,44.8700865942304,-0.0131734031740827,14.8310531146474,2,95.62,18.9,"******1***","Yves Larocque"
"2025-08-13","16:16:47","GP015F",10,4,53.4406725851027,0.412135383381973,20.8811077427996,8,99.53,23.46,"*1***1****","Murray McWilliams"
"2025-08-13","18:37:14","GP017FR1",9,3,56.2466377519261,-0.0514056797029649,22.2346804284689,10,121.1,30.82,"**********","Murray McWilliams"
"2025-08-13","18:38:48","GP017FR1",11,4,52.3065560297459,-0.825385526881883,15.5881314193393,10,93.31,22.85,"**********","Murray McWilliams"
"2025-08-04","14:21:41","GP019F",83,4,51.163476468069,2.19668435857678,23.9594434886452,8,97.3,24.92,"1***1*****","Yves Larocque"
"2025-08-14","08:47:51","GP020F",26,4,55.5308289034726,-1.31715872450017,16.2150089814831,1,105.39,26.22,"**********","Yves Larocque"
"2025-08-13","19:58:00","GP021F",70,2,61.0866595652364,-3.28261754401532,0.529518807439122,11,103.31,24.12,"*******1**","Murray McWilliams"
"2025-08-13","19:59:23","GP021F",71,2,44.9626264302412,-0.578816724639386,12.6784155454421,11,104.63,19.23,"**********","Murray McWilliams"
"2025-08-04","19:19:04","GP022F",1,3,61.8770537698311,-2.50344903090555,8.54068406551538,12,106.23,26.8,"***1**1***","Yves Larocque"
"2025-08-04","19:21:37","GP022F",2,4,47.6186142790859,1.88196187512862,21.6100059183007,12,96.04,22.12,"********1*","Yves Larocque"
"2025-08-04","10:31:17","GP025F",176,3,53.901580239387,-0.998656582525903,17.1973137618509,5,94.99,23.78,"**1*******","Yves Larocque"
"2025-08-04","10:33:37","GP025F",177,2,59.4799939975508,-3.26907231950502,1.92029997522321,5,91.04,21.34,"******1**1","Yves Larocque"
"2025-08-23","07:59:22","GP027F",8,2,60.5052807655121,-3.19683430932871,2.090334029954,2,95.58,22.07,"********11","Murray McWilliams"
"2025-08-23","08:02:22","GP027F",14,3,57.2387445362467,-2.4544818654314,12.213876700024,2,96.9,22.43,"**********","Murray McWilliams"
"2025-08-04","17:06:17","GP028F",61,3,57.0880851053145,-1.43311653213468,14.8862394120368,10,106.58,26.64,"**********","Yves Larocque"
"2025-08-04","20:36:39","GP030F",56,3,59.5301892807068,-0.88115130508426,18.7163174805252,13,110.87,28.31,"**********","Yves Larocque"
"2025-08-04","17:54:30","GP032F",3,3,44.8040150857248,-0.744611163689513,15.5808719361301,11,103.13,20.31,"******1*11","Yves Larocque"
"2025-08-04","17:58:16","GP032F",12,4,49.4997460806348,0.858004262688783,22.0066453205067,11,110.66,28.99,"**********","Yves Larocque"
"2025-08-23","09:07:16","GP033F",6,4,44.9093802633479,-0.547229565744878,13.7578493068255,3,107.39,20.19,"**********","Murray McWilliams"
"2025-08-23","09:08:56","GP033F",7,2,61.5747610555426,-3.33064397219751,1.13978318389585,3,99.65,23.69,"**********","Murray McWilliams"
"2025-08-23","09:29:34","GP033F",24,3,47.2916965682896,-1.13221275665865,12.1956497809479,3,96.26,18.3,"**********","Murray McWilliams"
"2025-08-23","12:51:28","GP035F",3,3,59.5037309946637,-1.57113367779343,14.7501704262537,6,95.93,21.81,"**********","Murray McWilliams"
"2025-08-23","11:25:24","GP038F",8,3,51.1980611685518,-0.68431679177855,17.0307001750939,5,96.86,23.71,"**11******","Murray McWilliams"
"2025-08-23","11:29:43","GP038F",17,2,62.3689452183115,-2.95939419051516,1.85681777289943,5,93.9,22.9,"**********","Murray McWilliams"
"2025-08-05","11:22:45","GP039F",1,3,57.1668942038218,-2.50895776768684,9.77576094984249,4,95.97,24.11,"***1******","Murray McWilliams"
"2025-08-04","21:15:14","GP040F",1,3,45.2801675990208,0.191925840593632,21.6224937994777,14,110.37,23.19,"*********1","Yves Larocque"
"2025-08-05","07:34:58","GP041F",104,4,48.830772002677,0.764629952387241,19.3449918085223,2,91.67,22.19,"**********","Murray McWilliams"
"2025-08-05","06:12:21","GP042F",40,4,48.2562555538723,1.50408028307797,23.5371143299011,1,92.63,21.79,"*******1**","Murray McWilliams"
"2025-08-05","06:13:55","GP042F",41,3,58.6844176390266,-1.88432083591195,12.8906555402952,1,92.91,21.55,"**1*******","Murray McWilliams"
"2025-09-10","18:07:20","GP043F",12,3,53.7960030661214,-3.14788013277251,8.42129802243488,8,120.21,31.98,"**********","Yves Larocque"
"2025-09-10","18:08:54","GP043F",13,2,61.2683509668678,-3.65802474252552,-2.181985333335,8,100.08,25.28,"**********","Yves Larocque"
"2025-09-10","18:10:50","GP043F",14,4,46.1691815497587,-0.212552596601023,18.4185923073619,8,102,24.66,"******1***","Yves Larocque"
"2025-08-05","13:04:10","GP045F",66,4,49.3904156385664,3.04598266230927,24.4559768269133,5,101.55,25.67,"**********","Murray McWilliams"
"2025-08-31","07:59:39","GP048F",11,2,66.0256710583129,-3.99999118289085,3.65413620090049,2,109.23,28.38,"**********","Murray McWilliams"
"2025-08-31","12:23:05","GP050F",97,2,58.1621318967099,-2.46226145545747,6.51279706763017,6,93.61,21.32,"**********","Murray McWilliams"
"2025-08-31","12:29:52","GP050F",151,3,51.7148840914645,-1.15705413202588,17.8202605887418,6,91.54,21.94,"**********","Murray McWilliams"
"2025-08-31","12:46:26","GP050F",271,4,46.1839859794969,2.21307604763177,22.3113894692824,6,92.09,21.37,"******1***","Murray McWilliams"
"2025-08-26","09:54:48","GP051F",26,3,43.8126780649734,0.806606647762109,18.5906381856708,3,90.16,17.87,"**********","Yves Larocque"
"2025-08-26","09:56:47","GP051F",27,2,63.3536268200281,-3.37848261036078,2.74528455815364,3,110.18,29.36,"**********","Yves Larocque"
"2025-08-26","10:58:02","GP052F",31,4,50.329627092797,0.502426983963744,20.2949846644085,4,92.02,22.55,"*1********","Yves Larocque"
"2025-08-26","10:59:56","GP052F",32,3,60.0806846532615,-1.78951808883954,16.8957250177638,4,96.68,24.32,"*1********","Yves Larocque"
"2025-08-25","19:59:08","GP053F",6,3,47.8746893880063,1.71689751477394,25.4397188064181,10,91.45,20.79,"**1***1***","Murray McWilliams"
"2025-08-23","10:09:06","GP057F",9,3,55.6151298717542,-2.0144621734588,11.958959067362,4,98.97,21.28,"**1**1***1","Murray McWilliams"
"2025-08-25","08:19:17","GP058F",9,3,56.0447159680263,-1.7663091766621,14.8522648502287,2,93.73,24.07,"****2*1***","Murray McWilliams"
"2025-08-25","08:21:08","GP058F",14,4,58.1119602899269,0.138685056917387,21.6654135766567,2,104.02,25.93,"**********","Murray McWilliams"
"2025-08-25","07:10:11","GP059F",37,3,57.2746168967017,-1.90483596906915,17.7190576886615,1,108.17,25.14,"*1*******1","Murray McWilliams"
"2025-08-27","09:46:29","GP060F",17,4,52.2474025962991,-1.24721994022631,16.9034791067565,3,95.72,24.74,"***1******","Murray McWilliams"
"2025-08-27","09:48:01","GP060F",18,3,44.1208620352602,-0.877989945619717,9.82277134826817,3,90.05,17.3,"*******1**","Murray McWilliams"
"2025-08-26","06:52:11","GP062F",18,3,53.5935549587556,-2.21294919766252,11.6945686185413,1,97.08,24.49,"**********","Yves Larocque"
"2025-08-26","06:55:47","GP062F",24,4,54.7463845522276,0.304996932634305,22.8928069749923,1,108.61,28.73,"**********","Yves Larocque"
"2025-08-26","16:01:31","GP063F",42,4,52.4567688490017,0.383404086551298,22.8589067981037,8,103.99,25.16,"**********","Yves Larocque"
"2025-08-26","16:03:59","GP063F",43,3,57.9353465775394,-2.78641257178691,11.1856854813288,8,95.03,23.6,"**********","Yves Larocque"
"2025-08-26","16:09:42","GP063F",64,2,61.3953757672841,-3.15166093043889,3.08512690000182,8,92.66,22.4,"*******1**","Yves Larocque"
"2025-08-24","06:59:01","GP065F",18,2,68.6569925610111,-4.14654029637318,3.81308731737955,1,112.24,27.17,"**********","Yves Larocque"
"2025-08-31","13:52:46","GP066F",99,2,58.3103564799125,-2.99141076368059,4.4937764076638,7,92.73,25.26,"**1*******","Murray McWilliams"
"2025-08-31","13:54:58","GP066F",101,3,55.3534537386774,-2.69519067640234,8.32370971693812,7,100.75,25.85,"**********","Murray McWilliams"
"2025-08-31","06:49:57","GP067F",24,2,60.6020521961535,-2.6883325769228,2.73950091487802,1,92.78,23.34,"1******1**","Murray McWilliams"
"2025-08-31","07:01:07","GP067F",84,3,54.388007513007,0.194657537003928,18.6438508623456,1,94,22.77,"1*********","Murray McWilliams"
"2025-08-31","07:13:06","GP067F",163,4,47.1745834346859,0.804117078049116,21.9396639253923,1,94.35,18.82,"**********","Murray McWilliams"
"2025-08-03","06:21:10","GP068FR1",124,2,65.7556717198897,-2.31541869475438,6.39163500233606,1,106.58,26.89,"*******1**","Murray McWilliams"
"2025-08-26","07:56:04","GP069F",13,3,45.9340585073333,-0.61699335818366,14.3585793717757,2,94.83,18.5,"**********","Yves Larocque"
"2025-08-26","13:30:10","GP070F",64,2,59.4443604838131,-2.53492597455174,3.64399172093917,6,97.11,24.53,"***1******","Yves Larocque"
"2025-08-25","19:12:09","GP071F",35,2,60.2000489203627,-3.26948269841942,1.80814202424036,9,99.63,23.91,"*****1****","Murray McWilliams"
"2025-08-25","19:13:38","GP071F",36,3,59.8571049044249,-2.35476859473976,10.8516178776923,9,113.34,27.86,"**********","Murray McWilliams"
"2025-08-25","09:23:26","GP073F",11,3,61.3371353686283,-2.92786285902202,8.19180938897144,3,110.03,30.84,"**********","Murray McWilliams"
"2025-08-25","09:24:49","GP073F",12,4,54.9578196488313,0.61986902167005,23.2091242586047,3,96.03,24.7,"********1*","Murray McWilliams"
"2025-08-27","11:55:43","GP075F",8,2,59.6930919696173,-3.28903577505335,0.675286435566358,5,99.77,23.81,"*******1**","Murray McWilliams"
"2025-08-27","11:57:28","GP075F",10,3,53.3066168992301,-0.34016296657835,19.5539783941446,5,95.04,23.01,"********11","Murray McWilliams"
"2025-08-27","11:58:51","GP075F",11,4,52.0771837316315,-0.434313534499298,20.1974334441912,5,93.7,23.92,"**1*******","Murray McWilliams"
"2025-08-03","16:49:11","GP076F",46,4,50.2858420235634,1.52264000565705,20.3547966713996,8,90.28,21.16,"******1***","Murray McWilliams"
"2025-08-31","18:11:20","GP079F",46,4,51.6978591789725,0.541013267802926,21.0549364587758,11,91.42,20.81,"**********","Murray McWilliams"
"2025-08-31","18:12:41","GP079F",47,3,61.7731099083662,-2.39257347821004,10.8534192276278,11,113.5,29.43,"**********","Murray McWilliams"
"2025-08-31","18:14:31","GP079F",50,2,57.2901183961573,-2.8752454555529,6.84593318557243,11,107.6,25.93,"**1******1","Murray McWilliams"
"2025-08-03","08:48:54","GP080F",40,3,60.170467109092,-3.02951039883653,10.4614084547445,3,102.14,24.56,"**********","Murray McWilliams"
"2025-08-27","10:59:06","GP082F",22,4,60.0770889453503,-2.98878854940066,9.3308243655049,4,120.15,32.96,"**********","Murray McWilliams"
"2025-08-25","10:55:49","GP086F",24,3,54.4247439277669,-1.450679084332,18.5620094102709,4,105.5,26.94,"**1*******","Murray McWilliams"
"2025-08-27","08:09:22","GP087F",112,4,48.1666601088279,0.872958675475655,18.4116690400012,2,97.09,18.48,"**********","Murray McWilliams"
"2025-08-27","08:13:17","GP087F",122,2,64.320105216446,-2.53273477485388,5.48815992215896,2,116.21,30.46,"***1******","Murray McWilliams"
"2025-08-03","07:31:58","GP088F",60,3,56.5582933835038,-1.30712060857868,13.2216991233309,2,92.85,21,"**********","Murray McWilliams"
"2025-08-03","14:11:41","GP090F",1,2,57.7540592693593,-1.85180694524129,3.79197953889105,7,96.04,24.29,"**********","Murray McWilliams"
"2025-08-03","14:13:35","GP090F",2,4,52.5831038068579,-0.971296759953499,18.4920735830175,7,100.68,21.92,"1*********","Murray McWilliams"
"2025-08-03","14:20:51","GP090F",35,3,62.7273460560866,-2.92388893241879,11.9368397899492,7,102.08,26.08,"21********","Murray McWilliams"
"2025-08-31","15:37:04","GP091FR1",4,4,54.1244821952036,-0.973315296831256,17.3728687209539,9,99.54,25.06,"**********","Murray McWilliams"
"2025-08-31","15:55:00","GP091FR1",100,2,59.5092066441857,-2.41498672633106,3.9678170601289,9,99.09,26.88,"***1*****1","Murray McWilliams"
"2025-08-26","17:34:32","GP092F",101,3,58.4917624464036,-2.30326456066199,13.4830970540124,9,96.04,25.23,"**********","Yves Larocque"
"2025-08-26","14:36:22","GP093F",19,3,55.1299729789486,-0.988596609379278,18.9153239550034,7,117.47,31.78,"**1**1****","Yves Larocque"
"2025-08-26","18:31:56","GP095F",143,3,52.7034640330796,-1.45094503981241,15.1294832703049,10,91.79,22.61,"**********","Yves Larocque"
"2025-08-26","18:34:04","GP095F",144,4,41.1668082002387,4.66251003322046,21.9550930046246,10,91.96,21.94,"**********","Yves Larocque"
"2025-08-27","06:39:15","GP100F",13,3,54.5200796738273,-0.503745961359992,19.4953682711455,1,94.58,23.07,"**********","Murray McWilliams"
"2025-08-27","13:29:51","GP101F",65,3,56.1598099643801,-2.81151040192057,10.0527486431135,6,98.46,24.47,"******1***","Murray McWilliams"
"2025-08-27","13:31:44","GP101F",66,2,59.3537546794854,-2.60211078501144,1.60393157466514,6,108.04,26.93,"**********","Murray McWilliams"
"2025-08-27","13:33:08","GP101F",67,4,52.1724766663954,-0.80547279440879,16.0595841162018,6,95.42,24.64,"**********","Murray McWilliams"
"2025-08-30","17:03:30","GP102F",51,4,41.0279602969189,0.0585070946211019,14.1094187684226,10,104.78,21.62,"**********","Yves Larocque"
"2025-08-30","17:05:26","GP102F",52,3,52.6549290413712,-1.21238996404588,16.2276762443459,10,95.4,21.13,"***1******","Yves Larocque"
"2025-08-31","17:08:14","GP104F",24,3,49.9836896335158,-0.825880925765687,14.6284475208222,10,94.45,17.21,"********1*","Murray McWilliams"
"2025-08-31","17:10:33","GP104F",26,4,57.128970285515,-2.54093592318227,8.63603113455071,10,101.65,26.54,"**********","Murray McWilliams"
"2025-08-31","17:21:07","GP104F",67,2,55.9754826811581,-2.84659112469449,4.29888980693867,10,95.17,22,"**********","Murray McWilliams"
"2025-08-02","07:09:50","GP105F",18,4,57.0149618722607,1.10410972427211,21.2858881170048,2,100.32,25.32,"*******1**","Yves Larocque"
"2025-08-02","08:23:10","GP106F",30,3,55.6718956993241,-2.0018562837803,8.82133357602279,3,94.49,20.08,"*******11*","Yves Larocque"
"2025-07-19","20:10:55","GP107F",2,3,61.2822918746417,-2.39986474823406,13.5366444091121,6,110.69,26.84,"*1**1*****","Yves Larocque"
"2025-08-30","18:18:12","GP108F",3,3,61.3440940581603,-3.05517292297475,9.11196020711291,11,113.6,30.26,"******1***","Yves Larocque"
"2025-08-30","18:19:48","GP108F",4,4,40.4624259243539,3.08511490366492,23.9771423789443,11,99.73,25.81,"***1******","Yves Larocque"
"2025-08-30","18:28:32","GP108F",44,2,59.8471574989183,-2.63880809940881,4.73056106014027,11,100.69,25.1,"**********","Yves Larocque"
"2025-08-26","20:21:02","GP110F",29,2,59.2620119245558,-3.36495629831718,3.32818656058711,12,91.95,20.01,"*1***1***1","Yves Larocque"
"2025-08-26","20:22:56","GP110F",30,4,47.474307140639,1.6822439751521,24.6206546649823,12,91.68,22.62,"**********","Yves Larocque"
"2025-08-02","11:04:51","GP113F",15,2,65.8489762280574,-4.23915325770191,2.76135667690351,5,119.68,32.89,"**********","Yves Larocque"
"2025-08-02","11:05:56","GP113F",16,3,55.9191952736874,-1.11835643640723,13.5823341939733,5,93.27,22.98,"**********","Yves Larocque"
"2025-08-27","19:44:35","GP114F",76,3,42.2356810210433,0.968611157857291,16.2235134166594,11,94.26,17.48,"**********","Murray McWilliams"
"2025-08-27","19:48:25","GP114F",90,2,58.3499088194613,-3.04800438190356,2.8099713663601,11,92.02,21.5,"**1*******","Murray McWilliams"
"2025-08-27","19:54:07","GP114F",106,4,47.6841091744119,0.0189278257226033,10.9606161146115,11,113.92,23.06,"**********","Murray McWilliams"
"2025-08-31","19:50:02","GP117F",55,2,52.4256677831162,-2.40730541380768,4.48878322021555,12,110.19,27.65,"1*********","Murray McWilliams"
"2025-08-30","16:05:45","GP119F",79,4,51.3291594741999,-1.16292109249305,18.953141811418,9,103.89,26.37,"**1*****11","Yves Larocque"
"2025-08-30","16:09:32","GP119F",85,3,54.964019274886,-2.11308357288315,12.7068252087347,9,91.24,22.41,"***1***1**","Yves Larocque"
"2025-08-02","12:15:55","GP123F",22,3,47.0871164462782,-0.423202354990104,10.2881848029244,6,91.65,17.42,"*****11***","Yves Larocque"
"2025-08-02","06:29:34","GP124F",214,3,44.086294908459,-0.614388122252341,12.0256232990318,1,93.97,17.91,"**********","Yves Larocque"
"2025-08-01","20:56:36","GP125F",7,4,45.7340196168914,0.8189834815851,11.9123585445314,14,92.93,17.33,"*********1","Murray McWilliams"
"2025-08-27","17:46:45","GP126FR1",44,3,58.6022400600037,-1.50936709244198,20.4631091849842,9,103.94,23.55,"1*1*******","Murray McWilliams"
"2025-08-02","09:56:37","GP127F",30,3,47.1537178109946,-0.992991927246722,10.8586351989315,4,90.7,18.09,"*********2","Yves Larocque"
"2025-08-02","09:58:47","GP127F",31,2,62.2637564314397,-3.97900722556838,3.09664804227145,4,110.11,26.7,"**********","Yves Larocque"
"2025-08-30","07:52:46","GP129F",40,4,28.0419431453495,2.24436075791867,12.5506609840982,2,95.55,17.33,"*1*11*****","Yves Larocque"
"2025-08-30","14:29:39","GP131FR1",56,3,60.1937759099918,-2.94939561434554,12.1419251549483,8,94.14,23.91,"**********","Yves Larocque"
"2025-08-30","14:36:46","GP131FR1",83,4,55.7174460223852,-1.00766508735661,16.4679965162015,8,92.42,22.12,"**********","Yves Larocque"
"2025-08-30","19:47:34","GP132F",48,3,45.0716307396097,1.65509660864827,18.6370728080319,12,94.1,18.06,"****1*****","Yves Larocque"
"2025-08-30","09:30:31","GP135F",30,4,48.870361057114,1.24721735919109,19.7843599984632,4,90.27,20.61,"***1******","Yves Larocque"
"2025-08-30","09:35:39","GP135F",31,3,58.914114284646,-1.7458969521652,13.0034670697163,4,111.86,28.39,"**********","Yves Larocque"
"2025-08-30","08:42:27","GP136F",7,2,60.2886568304318,-2.34280766908068,2.82656990775831,3,99.6,23.01,"**********","Yves Larocque"
"2025-08-30","08:52:13","GP136F",32,3,62.2297641771502,-3.48495121344639,7.97824846847419,3,101.53,22.59,"*******1*1","Yves Larocque"
"2025-08-30","11:54:51","GP137F",96,2,58.1696990751612,-2.65541883816867,3.58919923281069,6,99.4,24.8,"**********","Yves Larocque"
"2025-08-30","11:56:26","GP137F",97,4,51.8936954922898,-0.124251505091266,19.0732817910782,6,93.7,24.22,"**********","Yves Larocque"
"2025-08-28","15:14:12","GP138F",10,3,55.9664424278478,-1.29974326347343,16.8286226696006,8,114.99,29.62,"**********","Yves Larocque"
"2025-08-27","18:27:20","GP139F",16,3,47.6224706538471,-0.898774478436226,18.0928972185328,10,91.71,21.61,"1**1****1*","Murray McWilliams"
"2025-09-01","15:47:57","GP140F",12,3,58.7161196853285,-3.3581437959449,8.57471755157497,7,107.21,28.84,"**********","Yves Larocque"
"2025-09-01","15:49:27","GP140F",13,4,46.8403825358869,0.311377644989619,18.6859541826983,7,90.64,22.15,"**********","Yves Larocque"
"2025-07-31","11:44:43","GP141F",20,4,55.01564075179,-0.423016507729135,16.6705981243811,6,90.88,21.37,"***2******","Yves Larocque"
"2025-08-30","06:48:14","GP144F",28,4,47.6751276542819,0.412361541559103,16.8849213603708,1,98.64,23.73,"**********","Yves Larocque"
"2025-08-30","10:53:49","GP145F",68,3,52.8288958303946,0.280561212999353,19.7018050623276,5,93.82,23.51,"1***1*****","Yves Larocque"
"2025-08-30","10:56:35","GP145F",77,4,45.1816373348723,2.23632352778141,22.539913287901,5,101.53,25.05,"**********","Yves Larocque"
"2025-08-30","10:59:23","GP145F",78,2,63.012568310683,-3.46397329636272,2.26651719728563,5,100.31,25.53,"**********","Yves Larocque"
"2025-09-01","10:51:47","GP146F",13,3,55.9594095491629,-2.65595523517315,9.91284439631628,4,104.26,26.66,"**********","Yves Larocque"
"2025-09-01","10:53:32","GP146F",14,4,55.7710200833687,-0.684656280117935,15.393069347074,4,92.64,22.89,"**********","Yves Larocque"
"2025-07-31","15:38:27","GP147F",6,3,57.3878206125404,-1.90639648261676,10.3685828348876,9,92.7,22.28,"**********","Yves Larocque"
"2025-07-31","15:42:57","GP147F",17,4,54.6662486807285,-0.27347552925,18.2333463212278,9,91.58,21.92,"**********","Yves Larocque"
"2025-07-31","16:30:29","GP149F",2,3,61.5193875735595,-2.09088232701843,11.9453244914568,10,101.38,25.73,"*1********","Yves Larocque"
"2025-07-31","16:32:32","GP149F",3,4,47.2318929453439,4.06066667430882,26.3544605868253,10,103.99,26.47,"**********","Yves Larocque"
"2025-08-28","07:58:03","GP152F",13,3,58.3687284850846,-2.3803264189054,17.9408952535916,2,114.09,27.38,"********1*","Yves Larocque"
"2025-07-31","09:45:13","GP154F",43,4,53.9707255221855,-1.26843161647028,14.132173238934,4,95.95,22.07,"*1********","Yves Larocque"
"2025-07-31","09:47:26","GP154F",44,2,56.5582933835038,-2.91416541564987,-0.999501981604012,4,91.11,21.37,"**********","Yves Larocque"
"2025-09-02","08:51:25","GP155F",38,4,47.8683125046514,0.0736231826455325,11.2020711078931,3,102.93,18.87,"*****1****","Murray McWilliams"
"2025-09-02","08:52:05","GP155F",39,3,56.7593442440977,-2.92894045946074,6.55306605705073,3,97.44,23.07,"**********","Murray McWilliams"
"2025-08-29","20:31:00","GP157FR1",24,3,54.035491639961,-2.08081571903157,14.562951043605,13,90.75,21.78,"**********","Murray McWilliams"
"2025-08-29","20:32:18","GP157FR1",25,4,55.7144111340559,-2.12198531284813,12.8622952513801,13,90.99,21.85,"*****1****","Murray McWilliams"
"2025-07-31","17:35:32","GP158F",2,3,57.3394857148623,-2.55562573857909,13.4922952585398,11,109.5,27.23,"*********1","Yves Larocque"
"2025-07-31","17:37:21","GP158F",3,4,51.4631789785407,0.0133158869118355,20.6651060098079,11,105.38,26.01,"*********1","Yves Larocque"
"2025-07-30","19:03:56","GP159F",2,3,58.0607720887977,-3.47612176346429,6.57592014077497,11,108.13,27.61,"*******1**","Murray McWilliams"
"2025-07-30","19:07:44","GP159F",10,4,59.6394752920985,-2.49682783965882,13.3253501704888,11,104.61,25.84,"*****1*1**","Murray McWilliams"
"2025-09-01","14:11:03","GP160F",43,3,46.255217805777,-1.71412190776887,10.7120837884275,6,90.07,20.19,"**********","Yves Larocque"
"2025-09-01","14:12:39","GP160F",44,4,57.0715233302442,0.668514475699378,22.7261599424184,6,94.17,23.39,"*1*******1","Yves Larocque"
"2025-09-01","12:33:34","GP161F",32,4,52.9111680768111,0.982136276123091,19.7447264036175,5,118.67,28.3,"******1***","Yves Larocque"
"2025-07-31","07:57:59","GP162F",19,2,55.6536593483313,-2.57860106580099,-0.248868603700458,3,91.02,17.93,"**********","Yves Larocque"
"2025-08-01","12:01:59","GP163F",25,3,60.8504060735633,-3.55296004421074,9.36213997665254,6,105.51,25.62,"**********","Murray McWilliams"
"2025-08-01","12:03:35","GP163F",26,4,53.4859613995899,-0.970118666031361,15.387275888984,6,97.32,21.82,"**********","Murray McWilliams"
"2025-08-01","13:01:12","GP164F",69,3,52.4645397014335,0.714489466506874,24.6718454136089,7,94.85,22.29,"***1******","Murray McWilliams"
"2025-09-02","11:00:20","GP168F",21,4,58.8073459760922,-1.22391297431523,20.5436379561182,5,113.8,27.48,"*1********","Murray McWilliams"
"2025-09-02","11:02:21","GP168F",25,3,57.4090678113571,-3.55280952430442,9.28763054526871,5,109.05,26.49,"********1*","Murray McWilliams"
"2025-08-28","09:57:46","GP169F",25,3,54.5441347550009,-2.07706100797722,14.2549253507978,4,94.2,21.29,"****1*****","Yves Larocque"
"2025-07-30","20:17:10","GP170F",4,4,56.4791449348224,-2.70583740003882,12.3743241652476,12,105.46,25.21,"****11****","Murray McWilliams"
"2025-07-30","20:23:24","GP170F",22,2,64.5613299137781,-2.58611586483021,0.522425895971979,12,115.87,29.57,"**********","Murray McWilliams"
"2025-07-30","20:26:26","GP170F",23,3,59.0852361428582,-2.10086387322483,10.8238983492041,12,105.81,26.08,"11********","Murray McWilliams"
"2025-09-02","07:35:43","GP171F",9,3,40.9318077619883,-0.65674234592375,16.0572389925808,2,91.64,19.35,"*********1","Murray McWilliams"
"2025-09-02","07:36:56","GP171F",10,4,52.1814317059607,0.294394856106994,21.9256672409438,2,99.65,23.12,"***1******","Murray McWilliams"
"2025-09-02","07:46:01","GP171F",51,2,65.2173568338587,-3.93588273809992,1.04245930123099,2,91.64,24.02,"****1*****","Murray McWilliams"
"2025-08-29","19:01:50","GP172F",39,3,51.6171581622168,-2.31278976409388,10.5556949184005,11,92.24,20.74,"*11*1**11*","Murray McWilliams"
"2025-08-29","19:03:05","GP172F",41,4,42.1696367011716,1.15957308928072,14.9356660714002,11,94.03,18.39,"**********","Murray McWilliams"
"2025-09-02","06:45:15","GP173F",19,4,48.0286232903923,0.42087835967175,19.4565863504826,1,91.17,21.57,"********1*","Murray McWilliams"
"2025-09-02","09:54:50","GP175F",11,4,49.6365017954011,-0.22503571216681,20.1647799776741,4,93.2,22.92,"**********","Murray McWilliams"
"2025-09-02","09:57:37","GP175F",21,3,54.8698749862298,-2.87669940742147,10.6758507584002,4,104.74,24.96,"**1*******","Murray McWilliams"
"2025-09-02","09:59:03","GP175F",22,2,64.5757575169723,-2.81290522387267,2.4269246616395,4,116.06,30.99,"**1******1","Murray McWilliams"
"2025-07-31","18:52:30","GP176F",1,3,65.6473270886349,-2.77648820899212,12.7350051089345,12,119.94,29.34,"*1********","Yves Larocque"
"2025-07-31","18:57:27","GP176F",16,4,56.6362833912575,0.125010915422108,21.4788749013207,12,94.48,22.35,"**1*******","Yves Larocque"
"2025-08-01","10:19:16","GP177FR1",22,4,52.8815727060834,0.178720658307152,17.8548945232742,5,101.7,25.51,"**********","Murray McWilliams"
"2025-08-01","10:21:00","GP177FR1",23,3,60.0285135853659,-2.44173474951054,8.88195121163318,5,105.55,27.39,"**********","Murray McWilliams"
"2025-09-02","13:15:16","GP178FR1",16,3,59.0593867013327,-2.42150887965004,14.5386293033229,7,93.62,23.08,"**********","Murray McWilliams"
"2025-09-02","13:16:44","GP178FR1",17,2,61.3223439940057,-3.73419662442037,0.723824708475296,7,97.5,25.75,"***1******","Murray McWilliams"
"2025-09-02","13:18:00","GP178FR1",18,4,53.3509991260082,-1.12432764854026,16.3008864508513,7,95.05,20.42,"*********1","Murray McWilliams"
"2025-08-01","05:59:56","GP179F",4,3,60.6091450608981,-2.46161643538034,11.6376453568711,1,116.94,30.66,"**********","Murray McWilliams"
"2025-08-01","06:07:25","GP179F",32,4,44.5226615358611,-1.26648614836122,7.95984394750936,1,94.23,18.13,"**********","Murray McWilliams"
"2025-08-28","11:31:21","GP180F",35,2,68.8135155270271,-4.70372102825778,3.1039740969282,5,112.58,26.49,"**********","Yves Larocque"
"2025-08-29","06:44:35","GP181F",3,4,51.028254607155,1.78244625335178,17.4591246227036,1,94.76,22.86,"**********","Murray McWilliams"
"2025-08-29","06:45:30","GP181F",4,3,62.8061766053513,-2.05547927833211,15.8923333886495,1,119.06,32.56,"**********","Murray McWilliams"
"2025-09-08","19:51:46","GP182F",81,3,60.9919810303211,-3.79171427871644,8.52240750262032,9,113.82,30.06,"**********","Yves Larocque"
"2025-09-08","19:53:37","GP182F",82,4,46.9469253036858,3.4667906176567,23.1568933485444,9,102.43,27.37,"***1***1**","Yves Larocque"
"2025-08-29","17:32:09","GP183F",5,3,53.0533097227266,-1.5419851103724,15.1506898217535,10,91.11,21,"*1********","Murray McWilliams"
"2025-08-29","17:33:36","GP183F",6,4,53.7532548871407,-1.78892252242346,14.2185583154743,10,90.19,21.81,"**********","Murray McWilliams"
"2025-07-30","17:59:15","GP184F",40,2,64.277337967945,-3.32599708979747,5.38127403815494,10,117.45,27.64,"**********","Murray McWilliams"
"2025-08-29","16:19:02","GP185F",26,3,57.0588533759616,-2.70441249325409,11.4288892638999,9,102.91,24.52,"*******1**","Murray McWilliams"
"2025-08-29","16:20:35","GP185F",27,4,48.4008470755188,-1.00569542098428,16.6772498089825,9,108.34,26.51,"**********","Murray McWilliams"
"2025-09-08","11:58:13","GP188F",24,3,59.3225872145653,-2.86524618740047,8.92547738788982,4,91.18,21.83,"**********","Yves Larocque"
"2025-09-08","10:57:29","GP190F",28,3,62.1310192120852,-2.68966940763815,12.7794597387217,3,113.13,31.85,"***1******","Yves Larocque"
"2025-09-08","10:59:30","GP190F",29,4,50.9818995346353,-0.405356882787311,16.1525082150488,3,96.46,24.59,"**1*******","Yves Larocque"
"2025-08-01","08:47:43","GP191FR1",41,4,53.6150337894638,-0.192881957824187,16.4671590978344,3,97.91,23.23,"*1**11****","Murray McWilliams"
"2025-09-09","07:41:26","GP194F",35,4,50.8203146647888,-0.349207869943191,18.3852303737541,2,101.36,23.34,"**********","Murray McWilliams"
"2025-09-09","07:43:08","GP194F",38,3,52.8837658279871,-1.53986356064773,10.6596151072602,2,91.73,21.89,"**********","Murray McWilliams"
"2025-09-09","14:48:13","GP195F",17,3,56.5750902002092,-3.04853822109136,7.59282839847226,7,97.3,23.88,"**********","Murray McWilliams"
"2025-09-08","12:41:22","GP196F",27,3,60.6622997319404,-3.36449667937089,6.6907587427036,5,116.05,28.36,"**********","Yves Larocque"
"2025-09-08","12:41:44","GP196F",28,4,49.1081144106313,0.383906982155346,19.5494027798921,5,90.69,22.12,"******1*1*","Yves Larocque"
"2025-07-30","13:13:19","GP197F",13,4,52.1310289733045,1.63649888853734,15.9990757723083,7,91.31,21.25,"**********","Murray McWilliams"
"2025-09-08","18:13:33","GP199F",46,2,60.948069411507,-3.4761696302984,4.44048870792091,8,93.32,21.8,"***1**1***","Yves Larocque"
"2025-09-08","18:15:15","GP199F",47,3,62.4696276838571,-3.02240896838235,13.3617501993006,8,108.27,27.38,"**********","Yves Larocque"
"2025-08-29","14:52:33","GP200F",155,3,65.2906470684252,-3.89754101420092,7.66459716086467,8,107.38,27.61,"***1**1***","Murray McWilliams"
"2025-08-29","14:54:13","GP200F",156,4,49.857971901807,-1.29133964622979,14.8011000630617,8,93.15,21.59,"********1*","Murray McWilliams"
"2025-08-29","11:36:38","GP201F",4,3,51.9444508280324,-2.83690530493191,5.75731839695501,6,92.57,17.9,"**********","Murray McWilliams"
"2025-07-30","14:47:25","GP202F",23,2,64.5292500585525,-3.76187343094236,2.75109575465458,8,94.13,22.35,"**********","Murray McWilliams"
"2025-09-09","11:55:18","GP205F",22,3,53.8408323688501,-2.22349999514881,10.9563646459138,5,102.15,24.05,"**********","Murray McWilliams"
"2025-09-09","11:56:30","GP205F",23,4,51.9962558030691,1.60225879006193,23.6914263724432,5,98.87,24.54,"**********","Murray McWilliams"
"2025-09-09","11:58:28","GP205F",28,2,61.747295677212,-2.465498055371,5.13888949144576,5,96.75,24.13,"****1*****","Murray McWilliams"
"2025-07-30","16:09:40","GP206F",4,3,59.5393085309349,-2.36164646560111,12.8228646604631,9,107.79,26.67,"**********","Murray McWilliams"
"2025-07-30","16:19:07","GP206F",40,4,45.2704674230821,0.543492507248944,14.8240561333078,9,100.33,20.8,"*****1****","Murray McWilliams"
"2025-08-29","07:55:14","GP208F",7,2,57.3897526844824,-2.94956270814267,1.30969192582473,2,101.47,21.2,"1*********","Murray McWilliams"
"2025-09-02","16:15:27","GP209F",30,3,59.1396464215733,-3.39498901906943,8.0864548299391,10,104.68,24.11,"**********","Murray McWilliams"
"2025-09-09","12:49:56","GP213F",10,2,60.951584185554,-3.86251588713388,5.11538053266907,6,115.05,29.89,"**********","Murray McWilliams"
"2025-09-09","12:51:04","GP213F",11,3,57.9800544247973,-3.95282139679792,5.52105156330258,6,106.83,24.72,"**********","Murray McWilliams"
"2025-09-09","12:52:47","GP213F",15,4,51.474608960119,-1.6424623356438,13.9898139360224,6,93.05,22.4,"**********","Murray McWilliams"
"2025-09-07","18:23:05","GP215F",9,3,58.7058660850932,-1.70321864417494,16.0216474846443,8,102.77,24.97,"**********","Murray McWilliams"
"2025-09-07","18:25:53","GP215F",17,2,63.803860475756,-3.96505404235403,6.59570835175229,8,119.58,30.95,"*1********","Murray McWilliams"
"2025-09-09","16:07:29","GP216F",13,3,56.0407060766371,-2.52190588724177,10.9392003877298,8,108.01,26.11,"**1*******","Murray McWilliams"
"2025-08-29","13:12:36","GP217F",4,3,63.6721112817119,-1.76962121826402,21.0199742111313,7,108.94,28.36,"**********","Murray McWilliams"
"2025-08-29","13:15:05","GP217F",10,4,53.1763899541281,0.34040371334515,20.9266737526439,7,93.83,21.92,"*******1**","Murray McWilliams"
"2025-07-30","08:33:13","GP220F",18,2,62.6332137081116,-3.3158833926572,2.66139491816793,3,99.81,21.79,"**********","Murray McWilliams"
"2025-09-08","08:55:50","GP221F",15,3,65.0513743854001,-3.25945271011541,17.1610861756095,2,125.56,29.9,"****1*****","Yves Larocque"
"2025-09-08","08:57:17","GP221F",16,2,63.8218297198049,-2.89611879623203,4.4711160701993,2,94.82,23.75,"**********","Yves Larocque"
"2025-09-08","09:07:11","GP221F",34,4,51.5624904006082,-0.454948656999465,18.4623146980893,2,93.23,22.25,"**1*******","Yves Larocque"
"2025-09-09","10:22:05","GP222F",37,2,63.337924685588,-3.57772761914621,3.95690454541959,4,91.78,21.61,"**********","Murray McWilliams"
"2025-09-09","10:23:24","GP222F",38,4,50.615762593968,0.824829232554114,21.3009555714078,4,97.97,22.54,"**********","Murray McWilliams"
"2025-09-03","08:16:20","GP223F",43,2,63.4345182646638,-4.37294768477536,4.85746279975583,2,91.93,18.28,"2*********","Yves Larocque"
"2025-09-03","08:17:48","GP223F",44,3,63.832444107794,-4.1580976857149,6.07436635338978,2,103.3,26.55,"**********","Yves Larocque"
"2025-09-09","17:41:51","GP224F",44,3,55.7123877324569,-2.10424770829987,13.1185637465206,9,98.2,22.5,"**********","Murray McWilliams"
"2025-07-23","05:46:26","GP227F",1,3,56.3700327532177,-2.88359362844431,14.4225818358373,1,108.67,28.76,"*1*1***1**","Yves Larocque"
"2025-07-23","06:37:32","GP230F",1,3,63.1390445515677,-4.27852821678476,8.27704894744226,2,107.11,25.22,"**********","Yves Larocque"
"2025-07-23","06:41:15","GP230F",7,4,53.8322978909527,1.99413577241553,26.0114284580755,2,100.23,23.04,"**********","Yves Larocque"
"2025-07-30","06:01:18","GP233F",4,3,57.5420660193925,-2.70883238991554,10.5293038021555,1,93.17,23.01,"**********","Murray McWilliams"
"2025-07-30","06:02:46","GP233F",5,4,47.8517266456843,0.173126413164526,21.6009504390169,1,92.82,21.37,"*********1","Murray McWilliams"
"2025-07-30","06:09:20","GP233F",34,2,63.7032466458379,-3.61591853769172,1.61987673430983,1,96.36,23.02,"********2*","Murray McWilliams"
"2025-09-03","06:50:18","GP236FR1",61,3,56.5879295806413,-3.18802591248518,10.8253911545878,1,98.91,24.68,"***1*1*1*1","Yves Larocque"
"2025-07-23","15:51:13","GP243FR1",1,3,59.0843132549644,-1.96543955289646,9.10043040592727,10,105.83,26.29,"***1******","Yves Larocque"
"2025-07-23","15:54:21","GP243FR1",2,4,57.5045283451867,-0.665694208874634,17.0195082833811,10,96.99,23.29,"*********1","Yves Larocque"
"2025-09-07","15:34:17","GP244F",10,2,66.1969876254916,-4.24191114345335,7.02682887206256,6,97.1,23.85,"**********","Murray McWilliams"
"2025-07-28","15:37:00","GP245F",10,3,59.0990767396957,-2.5060806113103,14.8314244641353,1,120.83,31.22,"**********","Murray McWilliams"
"2025-07-23","18:26:49","GP247F",14,3,62.4290473720549,-4.2257036907985,3.62735733907058,12,98.24,21.77,"**********","Yves Larocque"
"2025-07-28","17:49:30","GP248F",13,3,59.1248988795458,-1.38255059213399,12.3510111501243,3,116.14,28.51,"**********","Murray McWilliams"
"2025-07-28","17:54:08","GP248F",35,4,50.0934498923479,-0.655917878602863,14.2948630501532,3,95.39,18.45,"**********","Murray McWilliams"
"2025-07-23","12:22:55","GP249FR1",1,3,60.9990022426512,-2.09811287529527,14.5642822827723,7,100.66,22.76,"*********1","Yves Larocque"
"2025-07-23","16:38:58","GP257F",1,3,61.0761512108731,-4.77544401576335,6.63122916243326,11,114.03,28.97,"**********","Yves Larocque"
"2025-07-23","19:08:43","GP258F",19,3,58.1555093485713,-3.93988120238425,9.98066803940285,13,102.98,23.05,"*****1****","Yves Larocque"
"2025-07-28","18:53:21","GP259F",4,4,46.0234530210613,2.80609637571899,21.3085937013754,4,91.88,22.39,"********11","Murray McWilliams"
"2025-07-28","18:58:24","GP259F",22,3,60.4162838018709,-1.85987928480413,15.7055305147743,4,129,36.67,"********1*","Murray McWilliams"
"2025-07-16","13:28:39","GP260F",2,3,59.3977119621276,-3.33682746117647,8.93483353936637,4,99.53,23.35,"**********","Yves Larocque"
"2025-07-28","16:30:16","GP263F",3,3,64.8902758924822,-2.99832724909782,10.2288063009671,2,123.46,32.04,"**********","Murray McWilliams"
"2025-07-28","21:12:45","GP268FR1",7,3,57.4688802041584,-1.30459334396182,19.0574730162876,6,95.36,22.74,"**********","Murray McWilliams"
"2025-07-16","11:00:21","GP273F",5,3,51.6955885435693,-3.53272498370116,5.56143995097031,3,101.25,19.08,"***1******","Yves Larocque"
"2025-07-29","05:56:33","GP274F",4,4,51.6819615312655,1.53128964670313,23.4754778706759,1,109.7,29.67,"**********","Yves Larocque"
"2025-09-16","07:04:17","GP275F",7,2,58.2839648443459,-2.46887114558375,3.16725728868708,1,93.93,22.63,"*****1****","Murray McWilliams"
"2025-09-16","07:06:01","GP275F",8,4,53.2133373559569,0.0571323020330805,21.2265086723621,1,91.59,22.17,"2*********","Murray McWilliams"
"2025-09-15","09:16:52","GP277F",13,2,56.8810106926253,-3.23344534055714,4.3070309067756,3,109.23,27.93,"*******1**","Yves Larocque"
"2025-07-15","16:27:37","GP278F",2,3,62.1105580302638,-3.91613965620413,9.62186609943516,2,103.09,23.16,"*******1**","Murray McWilliams"
"2025-07-15","16:30:31","GP278F",3,3,51.2049738381993,-0.0490819348865634,16.7869264335641,2,91.25,20.14,"**********","Murray McWilliams"
"2025-09-17","09:56:15","GP279F",50,4,48.2032856436402,1.32087331814912,21.4955153650066,3,90.66,21.1,"**********","Yves Larocque"
"2025-09-14","20:15:02","GP280F",11,2,63.048388834914,-1.7556157438392,13.9242085238984,13,109.35,28.52,"*********1","Murray McWilliams"
"2025-07-15","15:41:13","GP281F",5,3,57.7263105936888,-3.72251546603358,10.703640744179,1,93.84,20.97,"11********","Murray McWilliams"
"2025-09-15","19:32:05","GP283F",21,3,58.4185545891582,-6.35351305670556,12.2695453595425,10,113.14,27.85,"**********","Yves Larocque"
"2025-09-15","19:33:43","GP283F",22,2,62.4256637833939,-3.61743853231028,1.63528916246585,10,114.92,30.44,"******1***","Yves Larocque"
"2025-09-15","19:35:06","GP283F",23,4,46.9994062461887,2.63720191849082,24.6090645537061,10,111.17,28.59,"**********","Yves Larocque"
"2025-09-15","17:44:08","GP286F",31,2,56.9915314777527,-2.84198747606801,2.27309428222029,9,98.18,24.51,"*1*****1**","Yves Larocque"
"2025-09-15","17:45:35","GP286F",32,4,47.9001841976856,0.579095389102557,17.3802336180828,9,97.46,24.1,"*****2****","Yves Larocque"
"2025-09-15","17:47:13","GP286F",33,3,59.9501224718965,-2.46566593984548,8.71206228354839,9,121.85,31.79,"**********","Yves Larocque"
"2025-07-11","19:49:59","GP287F",1,3,57.5324446280509,-2.27641868144507,9.48559145861554,11,97.62,21.55,"11********","Yves Larocque"
"2025-09-16","08:12:14","GP288F",10,4,53.4439094597909,-0.7602605694772,18.9397699980943,2,109.31,25.81,"****1***1*","Murray McWilliams"
"2025-09-16","08:16:23","GP288F",20,2,66.2900629591082,-4.27941988486458,3.96989257773628,2,124.28,29.32,"**********","Murray McWilliams"
"2025-09-15","13:35:53","GP289F",17,2,65.0276070465248,-3.17474271894924,3.14062961628914,6,116.77,31.23,"**********","Yves Larocque"
"2025-09-15","13:37:53","GP289F",18,3,51.228005806087,-0.467800045802047,19.5936722486049,6,91.87,21.75,"*******1*1","Yves Larocque"
"2025-07-15","18:03:24","GP290F",1,3,61.8246870240263,-2.58037516702575,16.319825636178,3,108.89,27.6,"*****1****","Murray McWilliams"
"2025-09-16","20:04:56","GP291F",71,2,60.4447853789654,-2.33958525069455,2.61550784593969,11,97.84,23.27,"**********","Murray McWilliams"
"2025-09-16","20:06:34","GP291F",72,4,55.1248307805747,0.432833184542292,21.4067768957267,11,112.46,30.16,"****11***1","Murray McWilliams"
"2025-09-17","07:08:54","GP297F",41,3,58.5535953594084,-2.5865100393313,8.84144046244131,1,100.93,24.82,"**********","Yves Larocque"
"2025-09-17","07:11:44","GP297F",43,2,59.7157880058461,-2.48112219603835,1.95744255238934,1,90.01,21.24,"**********","Yves Larocque"
"2025-09-16","09:28:26","GP299F",78,3,61.1662548428176,-2.52241653596463,9.09242911849601,3,114.45,30.25,"**********","Murray McWilliams"
"2025-09-16","09:29:41","GP299F",80,4,57.5795654123686,-1.17625709070807,13.2803158566339,3,117.91,33,"**********","Murray McWilliams"
"2025-09-16","09:31:40","GP299F",84,2,63.2344658684354,-3.1243641258758,1.06652830179557,3,92.3,22.83,"**********","Murray McWilliams"
"2025-09-16","19:02:37","GP302F",116,3,59.4946031468276,-1.20404101467614,16.1050219774672,10,119.88,33.33,"********1*","Murray McWilliams"
"2025-09-16","19:04:00","GP302F",117,4,60.0968611344152,-1.7394615414873,11.7483441910205,10,122.03,31.51,"********1*","Murray McWilliams"
"2025-09-16","17:49:34","GP304F",89,2,59.6894593405399,-3.78331023508627,1.48239290226844,9,94.35,22.74,"1*******1*","Murray McWilliams"
"2025-09-16","17:50:57","GP304F",90,3,59.0519978755035,-2.71137735033589,10.5075128894263,9,115.98,30.63,"**********","Murray McWilliams"
"2025-09-16","10:49:17","GP305F",24,3,55.9995789275786,-2.26403748918153,7.77814055359689,4,101.16,24.53,"*******11*","Murray McWilliams"
"2025-09-16","10:50:24","GP305F",25,4,52.3923138086465,-0.0559717818353622,20.2582669421134,4,99.57,24.96,"**********","Murray McWilliams"
"2025-09-16","10:52:49","GP305F",28,2,63.6393109028375,-3.67893390267926,2.23764596111231,4,121.01,30.76,"*1********","Murray McWilliams"
"2025-09-15","15:53:11","GP306F",47,3,59.3775712381896,-2.07980478107689,11.6574008072843,8,122.88,31.79,"*11*****1*","Yves Larocque"
"2025-09-15","15:54:47","GP306F",48,2,61.3597465331002,-2.82697827257283,1.40318635204786,8,96.22,24.61,"**********","Yves Larocque"
"2025-09-13","15:42:53","GP307F",100,2,62.7676196678972,-2.99615471277587,4.94988693560323,8,99.27,24.99,"**********","Yves Larocque"
"2025-09-13","15:44:28","GP307F",101,4,53.1012868991427,0.224836316319144,18.8444032318904,8,96.6,24,"********1*","Yves Larocque"
"2025-09-10","14:34:22","GP308F",113,2,62.4679376753993,-2.89417185554075,1.36521765097617,4,118.31,30.85,"**********","Yves Larocque"
"2025-09-10","14:34:45","GP308F",117,3,63.1215949238921,-3.66494677698043,13.5956630158531,4,125.55,37.46,"1*********","Yves Larocque"
"2025-09-16","16:23:16","GP309F",20,2,63.5497924673829,-3.5622319275776,1.29539242260968,8,111.78,27.12,"**********","Murray McWilliams"
"2025-09-16","16:24:32","GP309F",21,4,62.3460652576586,-3.75368879755833,7.79194957290488,8,122.76,32.56,"**********","Murray McWilliams"
"2025-09-13","14:14:30","GP311F",23,3,60.2564595951525,-2.83500687378335,11.0528940564949,7,125.25,32.5,"**********","Yves Larocque"
"2025-09-13","14:19:04","GP311F",26,4,49.1314264671565,-0.872614979214759,14.2450094096011,7,93.5,21.93,"1*********","Yves Larocque"
"2025-07-11","14:13:33","GP313F",1,3,63.1598078897416,-4.46541421279933,6.54407744178878,7,101.74,24.59,"**********","Yves Larocque"
"2025-09-13","13:03:30","GP317F",38,4,53.5688379016874,-1.78568790173306,13.4332984401075,6,109.4,26.9,"1*********","Yves Larocque"
"2025-09-16","14:57:38","GP318F",10,2,64.2749158173245,-4.13147923551394,4.69862459194037,7,123.35,32.39,"**********","Murray McWilliams"
"2025-09-16","14:59:36","GP318F",13,4,43.392335121807,-0.31126724837377,12.0753697446367,7,96.45,18.06,"**********","Murray McWilliams"
"2025-09-16","15:00:53","GP318F",14,3,51.0595080720228,1.86376411808309,24.5623905972281,7,126.94,34.03,"*1*******1","Murray McWilliams"
"2025-09-10","16:02:51","GP321F",45,3,59.9771721652127,-2.38516654746257,7.64716728013513,6,105.88,28.3,"**********","Yves Larocque"
"2025-09-10","16:04:35","GP321F",47,4,53.4126070218528,1.04301428098824,23.8318112830289,6,115.95,28.09,"**1*******","Yves Larocque"
"2025-09-13","17:08:56","GP322F",22,3,45.7926684711182,0.154060664701527,16.3800676298795,9,103.76,21.35,"**********","Yves Larocque"
"2025-09-13","17:10:12","GP322F",23,2,63.6942362790396,-3.4337469693953,4.88646990481987,9,106.3,26.53,"**********","Yves Larocque"
"2025-09-13","17:11:27","GP322F",24,4,47.0779641008072,2.10630592668992,21.5263242253167,9,91.59,21.7,"**********","Yves Larocque"
"2025-07-11","08:21:21","GP324F",1,4,56.3193325570793,-1.9417071407361,18.9082621631367,4,105.38,26.55,"**1*******","Yves Larocque"
"2025-07-11","08:24:54","GP324F",3,3,61.1907126916356,-2.47583587637423,21.0844210840877,4,107.81,26.2,"**********","Yves Larocque"
"2025-07-10","14:33:30","GP325F",1,3,67.2972821336967,-4.98422625947958,7.73458769334407,6,132.76,34.75,"**********","Murray McWilliams"
"2025-07-10","14:40:49","GP325F",29,3,60.0447122677748,-3.55499133592541,12.239837995674,6,103.88,26.46,"**********","Murray McWilliams"
"2025-07-11","07:28:17","GP326FR1",1,3,56.7701536873659,-2.746823112106,17.5458929489417,3,104.16,26.41,"**********","Yves Larocque"
"2025-07-11","07:32:52","GP326FR1",5,4,62.2357149541445,-2.87088814417763,12.6361350738349,3,113.23,28.83,"**********","Yves Larocque"
"2025-09-13","11:42:16","GP327F",14,3,55.2500887709164,-1.35628943088056,13.7620595814304,5,106.82,27.77,"**********","Yves Larocque"
"2025-09-13","11:44:06","GP327F",17,2,58.5760546454061,-2.62478992534781,4.56346919817812,5,95.65,24.52,"**********","Yves Larocque"
"2025-09-10","17:14:02","GP328F",49,4,61.7145730227062,-2.45504555914228,17.7817130863715,7,119.28,33.14,"*****1****","Yves Larocque"
"2025-09-10","17:16:21","GP328F",50,3,59.3345072317313,-3.35210867433294,8.80277772309859,7,118.67,27.93,"**1*1*****","Yves Larocque"
"2025-09-13","09:24:31","GP329FR1",59,2,62.6374208526274,-3.76456211466875,2.56785340158259,3,91.69,21.76,"*1******1*","Yves Larocque"
"2025-09-13","09:27:55","GP329FR1",60,3,62.5160744179333,-3.21504831384323,10.6739846352285,3,115.93,28.93,"**********","Yves Larocque"
"2025-09-13","19:38:51","GP330F",26,4,55.4667085204948,0.25647508554949,17.3898612684466,11,110.18,26.43,"**********","Yves Larocque"
"2025-07-10","21:17:08","GP331F",2,3,60.1910871607514,-2.12166220662563,19.8086495565488,10,99.6,23.47,"**********","Murray McWilliams"
"2025-07-10","21:17:30","GP331F",6,3,58.156455499298,-2.66597901356097,8.48349356806157,10,91.44,21.38,"**********","Murray McWilliams"
"2025-07-10","21:17:46","GP331F",7,4,53.4633243742156,-1.35001644457128,19.4708482235081,10,121.03,30.4,"*******1**","Murray McWilliams"
"2025-09-13","18:20:34","GP332F",2,2,64.6310155229284,-3.27677420645539,7.10290497435522,10,128.02,33,"*****1****","Yves Larocque"
"2025-09-13","18:27:55","GP332F",19,4,54.9578196488313,1.45443192250311,23.3838793934684,10,111.7,28.74,"**********","Yves Larocque"
"2025-09-13","07:01:11","GP333F",22,3,59.0501504417089,-2.1922687557388,17.7202063270783,1,114.64,28.6,"****1*****","Yves Larocque"
"2025-09-13","07:04:03","GP333F",27,4,46.559805926884,-0.0190507769855519,16.9459691710095,1,98.83,24.03,"*1**1*****","Yves Larocque"
"2025-08-28","21:00:43","GP334F",4,2,64.6478181523529,-3.76912085948017,1.81780430477143,11,107.48,25.25,"**********","Yves Larocque"
"2025-07-10","15:24:22","GP335F",1,3,58.5292491862167,-3.09740898685956,16.3771405939159,7,103.25,23.13,"**********","Murray McWilliams"
"2025-07-10","15:26:19","GP335F",2,3,57.1979819284978,-3.72748932573364,7.28062186105563,7,102.77,25.01,"*1*****1*1","Murray McWilliams"
"2025-07-10","15:32:12","GP335F",24,4,56.1907725563687,-1.6090967310104,16.3690718399396,7,94.05,20.97,"**********","Murray McWilliams"
"2025-09-10","19:21:22","GP337F",24,2,64.6766063815234,-3.81776199669281,0.361638518834329,9,94.33,22.1,"**********","Yves Larocque"
"2025-09-10","19:22:54","GP337F",25,3,55.2726294599708,-1.80834343767261,6.58645441892065,9,99.95,22.56,"*1*1******","Yves Larocque"
"2025-09-10","19:25:14","GP337F",26,4,53.3077000689872,-3.06554675418563,11.7487926185541,9,102.65,25.38,"**1*****11","Yves Larocque"
"2025-09-13","10:24:56","GP338F",14,3,47.8542788771462,-1.68770241344479,11.1294853686472,4,110.52,21.93,"**********","Yves Larocque"
"2025-09-13","10:27:13","GP338F",15,4,52.8025271290953,3.01607934435688,26.9649246921711,4,116.29,30.35,"**********","Yves Larocque"
"2025-09-11","19:27:55","GP339F",1,3,64.1187826130137,-4.06296665677741,7.97475386965636,9,128.76,33.28,"**********","Murray McWilliams"
"2025-09-11","19:30:24","GP339F",4,2,65.443108156394,-3.97882457747656,2.18187974571109,9,111.78,27.92,"**********","Murray McWilliams"
"2025-09-11","17:58:37","GP340F",3,3,57.6985410145131,-1.99150651081098,16.0264935771203,8,128.26,29.19,"*****11***","Murray McWilliams"
"2025-07-10","10:40:50","GP342F",3,3,54.8128531039474,-1.9226452873749,10.5014038058672,3,114.48,23.07,"**********","Murray McWilliams"
"2025-07-10","10:41:40","GP342F",7,3,63.9050361512803,-4.1330963614466,11.0981887484849,3,116.25,30.76,"********1*","Murray McWilliams"
"2025-09-11","06:48:01","GP345F",2,3,55.547095152789,-1.50902962189159,17.4821558714195,1,118.29,32.1,"*****1***1","Murray McWilliams"
"2025-07-10","09:09:31","GP346F",1,3,59.1902969976674,-4.11877200329547,9.02831837998657,2,90.34,21.2,"******1***","Murray McWilliams"
"2025-07-10","09:16:23","GP346F",13,3,56.5632344309547,-3.59186194648731,8.74662846447387,2,94.71,23.08,"**********","Murray McWilliams"
"2025-07-09","13:51:57","GP351F",1,3,60.2260261099882,-4.12648500453183,6.23866920069893,5,110.77,28.79,"**1*******","Yves Larocque"
