sample_name,sample_class,session_id,session,session_date_utc,scan,crab number,scan chela merus,chela,durometer,refractometer,colorimeter_l,colorimter_a,colorimeter_b,scanner_serial,scan_configuration,scan_temperature,scan_humidity,scan_pga,0,1,2,3,4,5,6,7,8,9,10,11,12,13,14,15,16,17,18,19,20,21,22,23,24,25,26,27,28,29,30,31,32,33,34,35,36,37,38,39,40,41,42,43,44,45,46,47,48,49,50,51,52,53,54,55,56,57,58,59,60,61,62,63,64,65,66,67,68,69,70,71,72,73,74,75,76,77,78,79,80,81,82,83,84,85,86,87,88,89,90,91,92,93,94,95,96,97,98,99,100,101,102,103,104,105,106,107,108,109,110,111,112,113,114,115,116,117,118,119,120,121,122,123,124,125,126,127,128,129,130,131,132,133,134,135,136,137,138,139,140,141,142,143,144,145,146,147,148,149,150,151,152,153,154,155,156,157,158,159,160,161,162,163,164,165,166,167,168,169,170,171,172,173,174,175,176,177,178,179,180,181,182,183,184,185,186,187,188,189,190,191,192,193,194,195,196,197,198,199,200,201,202,203,204,205,206,207,208,209,210,211,212,213,214,215,216,217,218,219,220,221,222,223,224,225,226,227,228,229,230,231,232,233,234,235,236,237,238,239,240,241,242,243,244,245,246,247,248,249,250,251,252,253,254,255
,,,,,,,,,,,,,,,,,,,901.2609948,903.8821375,907.8102267,911.7339663,915.6533561,918.2638661,922.1760064,926.083797,929.9872379,932.5871153,936.4833067,940.3751484,942.967293,946.8518852,950.7321276,954.6080204,957.1895324,961.0581756,964.9224691,968.7824129,971.3532923,975.2059866,979.0543312,982.8983261,985.4585729,989.2953182,993.1277139,996.9557599,999.505374,1003.32617,1007.142617,1010.954714,1013.493696,1017.298543,1021.099041,1024.895189,1027.423538,1031.212437,1034.996986,1038.777185,1041.294901,1045.067851,1048.836451,1052.600701,1055.107785,1058.864785,1062.617436,1066.365738,1068.862189,1072.60324,1076.339943,1080.072295,1082.558113,1086.283216,1090.003969,1093.720373,1096.195559,1099.904713,1103.609517,1107.309971,1109.774525,1113.46773,1117.156585,1120.841091,1123.295011,1126.972267,1130.645174,1134.31373,1136.757018,1140.418325,1144.075283,1147.727891,1150.160546,1153.805904,1157.446913,1161.083572,1163.505594,1167.135004,1170.760063,1174.380773,1176.792163,1180.405624,1184.014734,1186.418392,1190.020253,1193.617764,1197.210926,1199.603951,1203.189863,1206.771425,1210.348638,1212.73103,1216.300994,1219.866607,1223.427871,1225.79963,1229.353645,1232.90331,1236.448624,1238.809751,1242.347817,1245.881532,1249.410899,1251.761393,1255.283509,1258.801276,1262.314693,1264.654555,1268.160722,1271.66254,1275.160008,1277.489237,1280.979456,1284.465325,1287.946844,1290.265441,1293.73971,1297.20963,1300.675201,1302.983164,1306.441485,1309.895456,1313.345078,1315.642409,1319.084781,1322.522803,1325.956475,1328.243174,1331.669597,1335.09167,1338.509394,1340.785459,1344.195933,1347.602058,1351.003832,1353.269266,1356.663791,1360.053966,1363.439792,1365.694592,1369.073169,1372.447395,1375.817272,1378.06144,1381.424067,1384.782345,1388.136272,1390.369808,1393.716486,1397.058815,1400.396794,1402.619696,1405.950426,1409.276805,1411.491975,1414.811106,1418.125886,1421.436317,1423.640854,1426.944035,1430.242867,1433.537349,1435.731253,1439.018486,1442.301368,1445.579901,1447.763173,1451.034457,1454.30139,1457.563974,1459.736614,1462.991948,1466.242933,1469.489568,1471.651575,1474.89096,1478.125996,1481.356682,1483.508057,1486.731493,1489.95058,1493.165317,1495.306059,1498.513547,1501.716685,1504.915473,1507.045582,1510.237121,1513.42431,1516.607149,1518.726625,1521.902215,1525.073455,1528.240346,1530.349189,1533.50883,1536.664121,1539.815063,1541.913274,1545.056966,1548.196308,1551.331301,1553.418879,1556.546622,1559.670016,1562.789059,1564.866005,1567.977799,1571.085244,1574.188338,1576.254652,1579.350497,1582.441992,1585.529138,1587.584819,1590.664715,1593.740262,1596.811458,1598.856507,1601.920454,1604.980051,1608.035299,1610.069715,1613.117713,1616.161362,1618.188044,1621.224444,1624.256493,1627.284193,1629.300243,1632.320693,1635.336794,1638.348544,1640.353962,1643.358463,1646.358615,1649.354417,1651.349201,1654.337754,1657.321957,1660.30181,1662.285962,1665.258565,1668.226819,1671.190723,1673.164242,1676.120897,1679.073202,1682.021157,1683.984044,1686.924749,1689.861105,1692.793112,1694.745366,1697.670122,1700.590529
115 to 124mm-1,115_124mm,115 to 124mm-1:1,1,2023-09-10 14:06,1,73,merus,glass,,,,,,TS04439,TSH20X9,37.11000061,42.70000076,64,9933,10675,11569,12386,13341,14155,15362,16948,18713,19973,21901,23692,24792,26289,27578,28819,29562,30767,31890,32977,33581,34474,35196,35766,36002,36478,36732,36743,36953,36920,37015,37023,37017,36948,37036,37077,37076,37067,37191,37317,37307,37348,37453,37554,37583,37584,37659,37637,37651,37566,37519,37447,37376,37258,37077,36874,36655,36469,36156,35719,35447,34958,34380,33630,33222,32253,31308,30643,30444,30233,30291,30432,30454,30630,30680,30643,30621,30669,30447,30489,30411,30266,30343,30384,30757,31489,32332,32823,33586,34194,34771,35149,35695,36121,36559,37020,37404,37934,38414,38678,39169,39644,40070,40315,40670,40868,41005,41025,41269,41306,41346,41472,41595,41544,41547,41418,41362,41268,41077,40926,40752,40398,40154,39661,39429,38887,38442,38184,37674,37100,36602,36194,35593,34893,34068,33583,32841,32065,31438,30978,30247,29443,28499,27845,26748,25455,24165,23276,21813,20497,19174,18379,17337,16375,15859,15123,14693,14119,13964,13579,13161,12973,12797,12627,12515,12306,12254,12076,12040,11880,11813,11831,11846,11843,11958,12006,12154,12185,12346,12490,12738,12781,12917,13116,13266,13391,13471,13688,13821,13931,14059,14139,14229,14254,14390,14422,14498,14401,14374,14430,14415,14348,14267,14172,14137,14028,14015,13807,13712,13567,13346,13309,13022,12780,12700,12499,12191,12023,11879,11613,11332,11117,10823,10520,10145,9925,9492,9161,8774,8533,8120,7656,7179,6837,6273,5695,5117,4815,4297,3704,3155,2682,2219,2014,1878,1996,2045,1943,1762,1661,1345,1222,1006,965,913,852
,,,,,,73,merus,glass,,,,,,,,,,,901.2609948,903.8821375,907.8102267,911.7339663,915.6533561,918.2638661,922.1760064,926.083797,929.9872379,932.5871153,936.4833067,940.3751484,942.967293,946.8518852,950.7321276,954.6080204,957.1895324,961.0581756,964.9224691,968.7824129,971.3532923,975.2059866,979.0543312,982.8983261,985.4585729,989.2953182,993.1277139,996.9557599,999.505374,1003.32617,1007.142617,1010.954714,1013.493696,1017.298543,1021.099041,1024.895189,1027.423538,1031.212437,1034.996986,1038.777185,1041.294901,1045.067851,1048.836451,1052.600701,1055.107785,1058.864785,1062.617436,1066.365738,1068.862189,1072.60324,1076.339943,1080.072295,1082.558113,1086.283216,1090.003969,1093.720373,1096.195559,1099.904713,1103.609517,1107.309971,1109.774525,1113.46773,1117.156585,1120.841091,1123.295011,1126.972267,1130.645174,1134.31373,1136.757018,1140.418325,1144.075283,1147.727891,1150.160546,1153.805904,1157.446913,1161.083572,1163.505594,1167.135004,1170.760063,1174.380773,1176.792163,1180.405624,1184.014734,1186.418392,1190.020253,1193.617764,1197.210926,1199.603951,1203.189863,1206.771425,1210.348638,1212.73103,1216.300994,1219.866607,1223.427871,1225.79963,1229.353645,1232.90331,1236.448624,1238.809751,1242.347817,1245.881532,1249.410899,1251.761393,1255.283509,1258.801276,1262.314693,1264.654555,1268.160722,1271.66254,1275.160008,1277.489237,1280.979456,1284.465325,1287.946844,1290.265441,1293.73971,1297.20963,1300.675201,1302.983164,1306.441485,1309.895456,1313.345078,1315.642409,1319.084781,1322.522803,1325.956475,1328.243174,1331.669597,1335.09167,1338.509394,1340.785459,1344.195933,1347.602058,1351.003832,1353.269266,1356.663791,1360.053966,1363.439792,1365.694592,1369.073169,1372.447395,1375.817272,1378.06144,1381.424067,1384.782345,1388.136272,1390.369808,1393.716486,1397.058815,1400.396794,1402.619696,1405.950426,1409.276805,1411.491975,1414.811106,1418.125886,1421.436317,1423.640854,1426.944035,1430.242867,1433.537349,1435.731253,1439.018486,1442.301368,1445.579901,1447.763173,1451.034457,1454.30139,1457.563974,1459.736614,1462.991948,1466.242933,1469.489568,1471.651575,1474.89096,1478.125996,1481.356682,1483.508057,1486.731493,1489.95058,1493.165317,1495.306059,1498.513547,1501.716685,1504.915473,1507.045582,1510.237121,1513.42431,1516.607149,1518.726625,1521.902215,1525.073455,1528.240346,1530.349189,1533.50883,1536.664121,1539.815063,1541.913274,1545.056966,1548.196308,1551.331301,1553.418879,1556.546622,1559.670016,1562.789059,1564.866005,1567.977799,1571.085244,1574.188338,1576.254652,1579.350497,1582.441992,1585.529138,1587.584819,1590.664715,1593.740262,1596.811458,1598.856507,1601.920454,1604.980051,1608.035299,1610.069715,1613.117713,1616.161362,1618.188044,1621.224444,1624.256493,1627.284193,1629.300243,1632.320693,1635.336794,1638.348544,1640.353962,1643.358463,1646.358615,1649.354417,1651.349201,1654.337754,1657.321957,1660.30181,1662.285962,1665.258565,1668.226819,1671.190723,1673.164242,1676.120897,1679.073202,1682.021157,1683.984044,1686.924749,1689.861105,1692.793112,1694.745366,1697.670122,1700.590529
115 to 124mm-1,115_124mm,115 to 124mm-1:1,1,2023-09-10 14:06,2,73,merus,glass,,,,,,TS04439,TSH20X9,37.29000092,42.47999954,64,10009,10681,11578,12420,13454,14123,15433,17055,18859,20117,21996,23759,24847,26352,27691,28900,29719,30895,32038,33063,33782,34589,35316,35972,36262,36684,36858,37058,37143,37140,37200,37232,37151,37267,37229,37276,37235,37216,37363,37467,37530,37594,37588,37734,37730,37827,37865,37780,37761,37787,37673,37639,37585,37431,37195,36994,36806,36532,36299,35856,35654,35120,34468,33762,33314,32339,31403,30772,30600,30249,30402,30502,30582,30631,30693,30668,30715,30776,30514,30489,30487,30375,30414,30503,30878,31507,32387,32974,33774,34371,34745,35182,35762,36248,36749,37085,37575,38076,38474,38845,39284,39775,40197,40418,40771,40980,41130,41155,41376,41410,41527,41578,41665,41540,41611,41565,41453,41361,41128,40971,40816,40398,40094,39810,39443,39022,38488,38177,37746,37123,36618,36269,35561,34946,34028,33570,32809,32104,31409,31006,30332,29452,28524,27832,26703,25418,24156,23311,21865,20452,19126,18317,17319,16277,15772,15114,14629,14149,13860,13495,13182,12923,12786,12572,12429,12274,12208,12163,12078,11919,11881,11875,11907,11872,11947,12013,12070,12252,12305,12553,12730,12917,12946,13130,13333,13479,13592,13675,13895,13985,14120,14187,14259,14369,14441,14478,14492,14446,14448,14544,14417,14357,14334,14287,14237,14138,14058,13929,13826,13664,13424,13296,13040,12884,12763,12511,12369,12091,11974,11664,11426,11195,10914,10613,10223,9993,9622,9200,8898,8595,8244,7837,7206,6829,6251,5720,5123,4903,4307,3748,3151,2742,2260,1938,1953,2044,2015,1947,1764,1685,1343,1203,1046,942,889,803
,,,,,,73,merus,glass,,,,,,,,,,,901.2609948,903.8821375,907.8102267,911.7339663,915.6533561,918.2638661,922.1760064,926.083797,929.9872379,932.5871153,936.4833067,940.3751484,942.967293,946.8518852,950.7321276,954.6080204,957.1895324,961.0581756,964.9224691,968.7824129,971.3532923,975.2059866,979.0543312,982.8983261,985.4585729,989.2953182,993.1277139,996.9557599,999.505374,1003.32617,1007.142617,1010.954714,1013.493696,1017.298543,1021.099041,1024.895189,1027.423538,1031.212437,1034.996986,1038.777185,1041.294901,1045.067851,1048.836451,1052.600701,1055.107785,1058.864785,1062.617436,1066.365738,1068.862189,1072.60324,1076.339943,1080.072295,1082.558113,1086.283216,1090.003969,1093.720373,1096.195559,1099.904713,1103.609517,1107.309971,1109.774525,1113.46773,1117.156585,1120.841091,1123.295011,1126.972267,1130.645174,1134.31373,1136.757018,1140.418325,1144.075283,1147.727891,1150.160546,1153.805904,1157.446913,1161.083572,1163.505594,1167.135004,1170.760063,1174.380773,1176.792163,1180.405624,1184.014734,1186.418392,1190.020253,1193.617764,1197.210926,1199.603951,1203.189863,1206.771425,1210.348638,1212.73103,1216.300994,1219.866607,1223.427871,1225.79963,1229.353645,1232.90331,1236.448624,1238.809751,1242.347817,1245.881532,1249.410899,1251.761393,1255.283509,1258.801276,1262.314693,1264.654555,1268.160722,1271.66254,1275.160008,1277.489237,1280.979456,1284.465325,1287.946844,1290.265441,1293.73971,1297.20963,1300.675201,1302.983164,1306.441485,1309.895456,1313.345078,1315.642409,1319.084781,1322.522803,1325.956475,1328.243174,1331.669597,1335.09167,1338.509394,1340.785459,1344.195933,1347.602058,1351.003832,1353.269266,1356.663791,1360.053966,1363.439792,1365.694592,1369.073169,1372.447395,1375.817272,1378.06144,1381.424067,1384.782345,1388.136272,1390.369808,1393.716486,1397.058815,1400.396794,1402.619696,1405.950426,1409.276805,1411.491975,1414.811106,1418.125886,1421.436317,1423.640854,1426.944035,1430.242867,1433.537349,1435.731253,1439.018486,1442.301368,1445.579901,1447.763173,1451.034457,1454.30139,1457.563974,1459.736614,1462.991948,1466.242933,1469.489568,1471.651575,1474.89096,1478.125996,1481.356682,1483.508057,1486.731493,1489.95058,1493.165317,1495.306059,1498.513547,1501.716685,1504.915473,1507.045582,1510.237121,1513.42431,1516.607149,1518.726625,1521.902215,1525.073455,1528.240346,1530.349189,1533.50883,1536.664121,1539.815063,1541.913274,1545.056966,1548.196308,1551.331301,1553.418879,1556.546622,1559.670016,1562.789059,1564.866005,1567.977799,1571.085244,1574.188338,1576.254652,1579.350497,1582.441992,1585.529138,1587.584819,1590.664715,1593.740262,1596.811458,1598.856507,1601.920454,1604.980051,1608.035299,1610.069715,1613.117713,1616.161362,1618.188044,1621.224444,1624.256493,1627.284193,1629.300243,1632.320693,1635.336794,1638.348544,1640.353962,1643.358463,1646.358615,1649.354417,1651.349201,1654.337754,1657.321957,1660.30181,1662.285962,1665.258565,1668.226819,1671.190723,1673.164242,1676.120897,1679.073202,1682.021157,1683.984044,1686.924749,1689.861105,1692.793112,1694.745366,1697.670122,1700.590529
115 to 124mm-1,115_124mm,115 to 124mm-1:1,1,2023-09-10 14:06,3,73,merus,glass,,,,,,TS04439,TSH20X9,37.47999954,42.33000183,64,9955,10677,11547,12400,13425,14130,15384,16895,18701,20068,21908,23745,24800,26233,27613,28781,29612,30839,31923,33032,33680,34487,35282,35871,36095,36573,36768,36942,37057,37111,37138,37178,37133,37164,37185,37188,37212,37190,37235,37384,37364,37473,37529,37690,37688,37831,37713,37758,37705,37634,37561,37504,37437,37258,37091,36849,36734,36483,36195,35865,35494,34975,34360,33755,33163,32216,31302,30729,30424,30223,30268,30391,30440,30575,30599,30538,30635,30525,30516,30420,30377,30244,30281,30485,30864,31577,32231,32850,33632,34258,34750,35190,35685,36125,36570,36926,37413,37931,38387,38769,39220,39721,40167,40378,40725,40927,40989,41210,41260,41389,41493,41529,41555,41603,41543,41541,41404,41296,41176,40911,40743,40417,40050,39770,39435,38904,38488,38075,37656,37034,36533,36124,35545,34753,34104,33587,32833,32131,31420,31012,30216,29443,28524,27858,26686,25478,24158,23271,21901,20518,19173,18430,17386,16376,15785,15268,14727,14205,14007,13541,13272,13071,12969,12747,12569,12497,12459,12352,12180,12070,12022,12125,12124,12114,12184,12247,12354,12445,12539,12715,12885,13123,13154,13351,13581,13656,13731,13927,14010,14133,14248,14398,14469,14469,14571,14611,14741,14717,14657,14717,14665,14554,14483,14413,14381,14307,14195,14103,13947,13760,13554,13387,13287,12957,12905,12734,12457,12173,12079,11766,11562,11227,11029,10686,10354,10060,9726,9267,8940,8639,8196,7879,7194,6900,6318,5782,5200,4949,4405,3746,3139,2815,2281,1977,2030,1942,1989,1961,1770,1673,1385,1202,1079,960,937,916
,,,,,,73,merus,glass,,,,,,,,,,,901.2609948,903.8821375,907.8102267,911.7339663,915.6533561,918.2638661,922.1760064,926.083797,929.9872379,932.5871153,936.4833067,940.3751484,942.967293,946.8518852,950.7321276,954.6080204,957.1895324,961.0581756,964.9224691,968.7824129,971.3532923,975.2059866,979.0543312,982.8983261,985.4585729,989.2953182,993.1277139,996.9557599,999.505374,1003.32617,1007.142617,1010.954714,1013.493696,1017.298543,1021.099041,1024.895189,1027.423538,1031.212437,1034.996986,1038.777185,1041.294901,1045.067851,1048.836451,1052.600701,1055.107785,1058.864785,1062.617436,1066.365738,1068.862189,1072.60324,1076.339943,1080.072295,1082.558113,1086.283216,1090.003969,1093.720373,1096.195559,1099.904713,1103.609517,1107.309971,1109.774525,1113.46773,1117.156585,1120.841091,1123.295011,1126.972267,1130.645174,1134.31373,1136.757018,1140.418325,1144.075283,1147.727891,1150.160546,1153.805904,1157.446913,1161.083572,1163.505594,1167.135004,1170.760063,1174.380773,1176.792163,1180.405624,1184.014734,1186.418392,1190.020253,1193.617764,1197.210926,1199.603951,1203.189863,1206.771425,1210.348638,1212.73103,1216.300994,1219.866607,1223.427871,1225.79963,1229.353645,1232.90331,1236.448624,1238.809751,1242.347817,1245.881532,1249.410899,1251.761393,1255.283509,1258.801276,1262.314693,1264.654555,1268.160722,1271.66254,1275.160008,1277.489237,1280.979456,1284.465325,1287.946844,1290.265441,1293.73971,1297.20963,1300.675201,1302.983164,1306.441485,1309.895456,1313.345078,1315.642409,1319.084781,1322.522803,1325.956475,1328.243174,1331.669597,1335.09167,1338.509394,1340.785459,1344.195933,1347.602058,1351.003832,1353.269266,1356.663791,1360.053966,1363.439792,1365.694592,1369.073169,1372.447395,1375.817272,1378.06144,1381.424067,1384.782345,1388.136272,1390.369808,1393.716486,1397.058815,1400.396794,1402.619696,1405.950426,1409.276805,1411.491975,1414.811106,1418.125886,1421.436317,1423.640854,1426.944035,1430.242867,1433.537349,1435.731253,1439.018486,1442.301368,1445.579901,1447.763173,1451.034457,1454.30139,1457.563974,1459.736614,1462.991948,1466.242933,1469.489568,1471.651575,1474.89096,1478.125996,1481.356682,1483.508057,1486.731493,1489.95058,1493.165317,1495.306059,1498.513547,1501.716685,1504.915473,1507.045582,1510.237121,1513.42431,1516.607149,1518.726625,1521.902215,1525.073455,1528.240346,1530.349189,1533.50883,1536.664121,1539.815063,1541.913274,1545.056966,1548.196308,1551.331301,1553.418879,1556.546622,1559.670016,1562.789059,1564.866005,1567.977799,1571.085244,1574.188338,1576.254652,1579.350497,1582.441992,1585.529138,1587.584819,1590.664715,1593.740262,1596.811458,1598.856507,1601.920454,1604.980051,1608.035299,1610.069715,1613.117713,1616.161362,1618.188044,1621.224444,1624.256493,1627.284193,1629.300243,1632.320693,1635.336794,1638.348544,1640.353962,1643.358463,1646.358615,1649.354417,1651.349201,1654.337754,1657.321957,1660.30181,1662.285962,1665.258565,1668.226819,1671.190723,1673.164242,1676.120897,1679.073202,1682.021157,1683.984044,1686.924749,1689.861105,1692.793112,1694.745366,1697.670122,1700.590529
115 to 124mm-1,115_124mm,115 to 124mm-1:1,1,2023-09-10 14:06,4,73,merus,saranwrap,,,,,,TS04439,TSH20X9,37.36000061,42.90999985,64,12536,13464,14576,15647,16879,17739,19218,21057,23445,24990,27413,29581,30870,32709,34249,35776,36693,38330,39666,41059,41930,42916,43756,44536,44857,45276,45629,45919,45950,46131,46035,45994,45939,45938,45723,45668,45786,45692,45757,45844,45831,45792,45694,45748,45690,45840,45820,45908,45878,45890,45617,45533,45378,45128,44875,44686,44582,44454,44268,44132,43832,43501,43140,42751,42608,42083,41634,41203,40913,40379,39653,39130,38916,38567,38251,37944,37817,37821,37837,37931,38109,38297,38612,38850,39220,39662,39943,40225,40591,41006,41205,41618,42063,42532,43052,43571,44144,44841,45542,45873,46494,46997,47391,47711,47983,48103,48102,48237,48400,48564,48665,48845,49014,49062,49123,49041,48952,48811,48490,48249,47848,47290,46857,46445,45947,45318,44770,44468,43855,43244,42671,42281,41729,41118,40359,39933,39145,38504,37794,37347,36385,35434,34289,33306,31815,30223,28496,27360,25605,23861,22191,21191,19864,18648,17864,17071,16320,15639,15381,14967,14499,14279,14074,13831,13518,13505,13412,13308,13222,13136,13054,13120,13227,13249,13300,13359,13486,13601,13707,13856,13993,14136,14241,14406,14482,14503,14671,14717,14947,14960,15025,15131,15213,15294,15440,15415,15488,15468,15428,15530,15396,15342,15299,15194,15176,15075,14915,14758,14597,14393,14010,13943,13721,13432,13323,13142,12917,12773,12617,12349,12038,11858,11650,11495,11263,11164,10840,10548,10384,10170,9874,9618,9298,9163,8820,8622,8372,8205,7809,7539,7188,7074,6538,6149,5719,5362,4868,4253,3673,3402,2888,2436,1969,1821,1699,1482
,,,,,,73,merus,saranwrap,,,,,,,,,,,901.2609948,903.8821375,907.8102267,911.7339663,915.6533561,918.2638661,922.1760064,926.083797,929.9872379,932.5871153,936.4833067,940.3751484,942.967293,946.8518852,950.7321276,954.6080204,957.1895324,961.0581756,964.9224691,968.7824129,971.3532923,975.2059866,979.0543312,982.8983261,985.4585729,989.2953182,993.1277139,996.9557599,999.505374,1003.32617,1007.142617,1010.954714,1013.493696,1017.298543,1021.099041,1024.895189,1027.423538,1031.212437,1034.996986,1038.777185,1041.294901,1045.067851,1048.836451,1052.600701,1055.107785,1058.864785,1062.617436,1066.365738,1068.862189,1072.60324,1076.339943,1080.072295,1082.558113,1086.283216,1090.003969,1093.720373,1096.195559,1099.904713,1103.609517,1107.309971,1109.774525,1113.46773,1117.156585,1120.841091,1123.295011,1126.972267,1130.645174,1134.31373,1136.757018,1140.418325,1144.075283,1147.727891,1150.160546,1153.805904,1157.446913,1161.083572,1163.505594,1167.135004,1170.760063,1174.380773,1176.792163,1180.405624,1184.014734,1186.418392,1190.020253,1193.617764,1197.210926,1199.603951,1203.189863,1206.771425,1210.348638,1212.73103,1216.300994,1219.866607,1223.427871,1225.79963,1229.353645,1232.90331,1236.448624,1238.809751,1242.347817,1245.881532,1249.410899,1251.761393,1255.283509,1258.801276,1262.314693,1264.654555,1268.160722,1271.66254,1275.160008,1277.489237,1280.979456,1284.465325,1287.946844,1290.265441,1293.73971,1297.20963,1300.675201,1302.983164,1306.441485,1309.895456,1313.345078,1315.642409,1319.084781,1322.522803,1325.956475,1328.243174,1331.669597,1335.09167,1338.509394,1340.785459,1344.195933,1347.602058,1351.003832,1353.269266,1356.663791,1360.053966,1363.439792,1365.694592,1369.073169,1372.447395,1375.817272,1378.06144,1381.424067,1384.782345,1388.136272,1390.369808,1393.716486,1397.058815,1400.396794,1402.619696,1405.950426,1409.276805,1411.491975,1414.811106,1418.125886,1421.436317,1423.640854,1426.944035,1430.242867,1433.537349,1435.731253,1439.018486,1442.301368,1445.579901,1447.763173,1451.034457,1454.30139,1457.563974,1459.736614,1462.991948,1466.242933,1469.489568,1471.651575,1474.89096,1478.125996,1481.356682,1483.508057,1486.731493,1489.95058,1493.165317,1495.306059,1498.513547,1501.716685,1504.915473,1507.045582,1510.237121,1513.42431,1516.607149,1518.726625,1521.902215,1525.073455,1528.240346,1530.349189,1533.50883,1536.664121,1539.815063,1541.913274,1545.056966,1548.196308,1551.331301,1553.418879,1556.546622,1559.670016,1562.789059,1564.866005,1567.977799,1571.085244,1574.188338,1576.254652,1579.350497,1582.441992,1585.529138,1587.584819,1590.664715,1593.740262,1596.811458,1598.856507,1601.920454,1604.980051,1608.035299,1610.069715,1613.117713,1616.161362,1618.188044,1621.224444,1624.256493,1627.284193,1629.300243,1632.320693,1635.336794,1638.348544,1640.353962,1643.358463,1646.358615,1649.354417,1651.349201,1654.337754,1657.321957,1660.30181,1662.285962,1665.258565,1668.226819,1671.190723,1673.164242,1676.120897,1679.073202,1682.021157,1683.984044,1686.924749,1689.861105,1692.793112,1694.745366,1697.670122,1700.590529
115 to 124mm-1,115_124mm,115 to 124mm-1:1,1,2023-09-10 14:06,5,73,merus,saranwrap,,,,,,TS04439,TSH20X9,37.50999832,42.86000061,64,12894,13874,14996,16143,17328,18234,19780,21742,24081,25732,28194,30500,31846,33704,35272,36806,37790,39288,40829,42285,43125,44221,45070,45779,46167,46588,47009,47186,47431,47460,47453,47427,47280,47189,47081,46998,47086,47002,47168,47126,47144,47100,46972,47141,47140,47103,47293,47333,47273,47295,47114,46881,46835,46549,46317,46088,45910,45884,45703,45403,45162,44876,44476,44113,43882,43386,42854,42477,42085,41528,40987,40440,40014,39666,39352,39111,39042,39105,39054,39137,39414,39577,39916,40150,40518,40979,41291,41562,41909,42260,42683,42962,43454,43973,44544,45020,45733,46327,46987,47576,47952,48548,48936,49246,49520,49652,49662,49819,49968,50084,50241,50377,50591,50599,50690,50579,50526,50341,49962,49705,49216,48749,48268,47835,47320,46624,46087,45678,45130,44500,43830,43434,42799,42100,41429,40908,40202,39524,38672,38258,37354,36235,35102,34179,32565,30862,29095,27793,25996,24145,22504,21392,20016,18731,17975,17075,16399,15661,15400,14911,14628,14391,14073,13853,13704,13595,13546,13395,13347,13331,13299,13263,13303,13380,13536,13493,13759,13850,13913,14080,14274,14447,14441,14712,14843,14899,15061,15119,15283,15437,15446,15590,15664,15722,15831,15918,15853,15976,15851,15990,15827,15737,15701,15572,15476,15433,15280,15171,14928,14723,14510,14314,14098,13871,13626,13472,13236,13037,12891,12600,12363,12126,12005,11834,11572,11491,11135,10883,10621,10398,10059,9900,9536,9418,9050,8902,8629,8470,8004,7716,7413,7165,6766,6361,5879,5525,4949,4354,3773,3445,2920,2499,2086,1906,1719,1558
,,,,,,73,merus,saranwrap,,,,,,,,,,,901.2609948,903.8821375,907.8102267,911.7339663,915.6533561,918.2638661,922.1760064,926.083797,929.9872379,932.5871153,936.4833067,940.3751484,942.967293,946.8518852,950.7321276,954.6080204,957.1895324,961.0581756,964.9224691,968.7824129,971.3532923,975.2059866,979.0543312,982.8983261,985.4585729,989.2953182,993.1277139,996.9557599,999.505374,1003.32617,1007.142617,1010.954714,1013.493696,1017.298543,1021.099041,1024.895189,1027.423538,1031.212437,1034.996986,1038.777185,1041.294901,1045.067851,1048.836451,1052.600701,1055.107785,1058.864785,1062.617436,1066.365738,1068.862189,1072.60324,1076.339943,1080.072295,1082.558113,1086.283216,1090.003969,1093.720373,1096.195559,1099.904713,1103.609517,1107.309971,1109.774525,1113.46773,1117.156585,1120.841091,1123.295011,1126.972267,1130.645174,1134.31373,1136.757018,1140.418325,1144.075283,1147.727891,1150.160546,1153.805904,1157.446913,1161.083572,1163.505594,1167.135004,1170.760063,1174.380773,1176.792163,1180.405624,1184.014734,1186.418392,1190.020253,1193.617764,1197.210926,1199.603951,1203.189863,1206.771425,1210.348638,1212.73103,1216.300994,1219.866607,1223.427871,1225.79963,1229.353645,1232.90331,1236.448624,1238.809751,1242.347817,1245.881532,1249.410899,1251.761393,1255.283509,1258.801276,1262.314693,1264.654555,1268.160722,1271.66254,1275.160008,1277.489237,1280.979456,1284.465325,1287.946844,1290.265441,1293.73971,1297.20963,1300.675201,1302.983164,1306.441485,1309.895456,1313.345078,1315.642409,1319.084781,1322.522803,1325.956475,1328.243174,1331.669597,1335.09167,1338.509394,1340.785459,1344.195933,1347.602058,1351.003832,1353.269266,1356.663791,1360.053966,1363.439792,1365.694592,1369.073169,1372.447395,1375.817272,1378.06144,1381.424067,1384.782345,1388.136272,1390.369808,1393.716486,1397.058815,1400.396794,1402.619696,1405.950426,1409.276805,1411.491975,1414.811106,1418.125886,1421.436317,1423.640854,1426.944035,1430.242867,1433.537349,1435.731253,1439.018486,1442.301368,1445.579901,1447.763173,1451.034457,1454.30139,1457.563974,1459.736614,1462.991948,1466.242933,1469.489568,1471.651575,1474.89096,1478.125996,1481.356682,1483.508057,1486.731493,1489.95058,1493.165317,1495.306059,1498.513547,1501.716685,1504.915473,1507.045582,1510.237121,1513.42431,1516.607149,1518.726625,1521.902215,1525.073455,1528.240346,1530.349189,1533.50883,1536.664121,1539.815063,1541.913274,1545.056966,1548.196308,1551.331301,1553.418879,1556.546622,1559.670016,1562.789059,1564.866005,1567.977799,1571.085244,1574.188338,1576.254652,1579.350497,1582.441992,1585.529138,1587.584819,1590.664715,1593.740262,1596.811458,1598.856507,1601.920454,1604.980051,1608.035299,1610.069715,1613.117713,1616.161362,1618.188044,1621.224444,1624.256493,1627.284193,1629.300243,1632.320693,1635.336794,1638.348544,1640.353962,1643.358463,1646.358615,1649.354417,1651.349201,1654.337754,1657.321957,1660.30181,1662.285962,1665.258565,1668.226819,1671.190723,1673.164242,1676.120897,1679.073202,1682.021157,1683.984044,1686.924749,1689.861105,1692.793112,1694.745366,1697.670122,1700.590529
115 to 124mm-1,115_124mm,115 to 124mm-1:1,1,2023-09-10 14:06,6,73,merus,saranwrap,,,,,,TS04439,TSH20X9,37.66999817,42.70000076,64,13190,14225,15489,16507,17952,18788,20401,22380,24822,26521,29045,31380,32885,34712,36394,37998,38957,40576,42023,43531,44405,45386,46405,47165,47550,47966,48385,48638,48741,48889,48836,48719,48721,48693,48462,48446,48511,48512,48596,48536,48602,48669,48527,48524,48517,48688,48544,48680,48675,48634,48386,48383,48131,47832,47550,47342,47223,46988,46764,46638,46384,45993,45692,45251,45125,44512,44114,43711,43356,42675,42162,41596,41326,40908,40721,40391,40302,40362,40370,40509,40700,40851,41242,41467,41860,42260,42570,42871,43200,43634,43984,44365,44803,45344,45921,46372,47015,47561,48225,48624,49216,49717,50142,50326,50627,50738,50784,50965,51076,51087,51194,51344,51462,51450,51499,51350,51281,51047,50684,50396,50010,49488,49009,48577,48003,47343,46720,46380,45793,45131,44531,44078,43409,42709,41910,41344,40698,39934,39157,38702,37811,36736,35469,34662,32988,31307,29406,28253,26346,24404,22614,21582,20165,18832,18108,17191,16463,15803,15464,15044,14694,14346,14193,13985,13811,13569,13607,13484,13362,13320,13344,13357,13405,13490,13526,13609,13743,13932,14017,14163,14374,14534,14530,14774,14927,14991,15154,15331,15469,15488,15588,15742,15732,15904,15899,15895,16055,16030,15983,16036,15908,15761,15823,15708,15555,15587,15353,15203,15016,14766,14591,14429,14109,13902,13803,13556,13404,13172,12921,12712,12405,12242,12024,11990,11702,11536,11220,10993,10711,10522,10267,9980,9710,9594,9247,8955,8693,8592,8171,7820,7552,7299,6893,6373,5972,5669,5103,4504,3854,3510,2990,2551,2064,1949,1766,1484
,,,,,,73,merus,saranwrap,,,,,,,,,,,901.2609948,903.8821375,907.8102267,911.7339663,915.6533561,918.2638661,922.1760064,926.083797,929.9872379,932.5871153,936.4833067,940.3751484,942.967293,946.8518852,950.7321276,954.6080204,957.1895324,961.0581756,964.9224691,968.7824129,971.3532923,975.2059866,979.0543312,982.8983261,985.4585729,989.2953182,993.1277139,996.9557599,999.505374,1003.32617,1007.142617,1010.954714,1013.493696,1017.298543,1021.099041,1024.895189,1027.423538,1031.212437,1034.996986,1038.777185,1041.294901,1045.067851,1048.836451,1052.600701,1055.107785,1058.864785,1062.617436,1066.365738,1068.862189,1072.60324,1076.339943,1080.072295,1082.558113,1086.283216,1090.003969,1093.720373,1096.195559,1099.904713,1103.609517,1107.309971,1109.774525,1113.46773,1117.156585,1120.841091,1123.295011,1126.972267,1130.645174,1134.31373,1136.757018,1140.418325,1144.075283,1147.727891,1150.160546,1153.805904,1157.446913,1161.083572,1163.505594,1167.135004,1170.760063,1174.380773,1176.792163,1180.405624,1184.014734,1186.418392,1190.020253,1193.617764,1197.210926,1199.603951,1203.189863,1206.771425,1210.348638,1212.73103,1216.300994,1219.866607,1223.427871,1225.79963,1229.353645,1232.90331,1236.448624,1238.809751,1242.347817,1245.881532,1249.410899,1251.761393,1255.283509,1258.801276,1262.314693,1264.654555,1268.160722,1271.66254,1275.160008,1277.489237,1280.979456,1284.465325,1287.946844,1290.265441,1293.73971,1297.20963,1300.675201,1302.983164,1306.441485,1309.895456,1313.345078,1315.642409,1319.084781,1322.522803,1325.956475,1328.243174,1331.669597,1335.09167,1338.509394,1340.785459,1344.195933,1347.602058,1351.003832,1353.269266,1356.663791,1360.053966,1363.439792,1365.694592,1369.073169,1372.447395,1375.817272,1378.06144,1381.424067,1384.782345,1388.136272,1390.369808,1393.716486,1397.058815,1400.396794,1402.619696,1405.950426,1409.276805,1411.491975,1414.811106,1418.125886,1421.436317,1423.640854,1426.944035,1430.242867,1433.537349,1435.731253,1439.018486,1442.301368,1445.579901,1447.763173,1451.034457,1454.30139,1457.563974,1459.736614,1462.991948,1466.242933,1469.489568,1471.651575,1474.89096,1478.125996,1481.356682,1483.508057,1486.731493,1489.95058,1493.165317,1495.306059,1498.513547,1501.716685,1504.915473,1507.045582,1510.237121,1513.42431,1516.607149,1518.726625,1521.902215,1525.073455,1528.240346,1530.349189,1533.50883,1536.664121,1539.815063,1541.913274,1545.056966,1548.196308,1551.331301,1553.418879,1556.546622,1559.670016,1562.789059,1564.866005,1567.977799,1571.085244,1574.188338,1576.254652,1579.350497,1582.441992,1585.529138,1587.584819,1590.664715,1593.740262,1596.811458,1598.856507,1601.920454,1604.980051,1608.035299,1610.069715,1613.117713,1616.161362,1618.188044,1621.224444,1624.256493,1627.284193,1629.300243,1632.320693,1635.336794,1638.348544,1640.353962,1643.358463,1646.358615,1649.354417,1651.349201,1654.337754,1657.321957,1660.30181,1662.285962,1665.258565,1668.226819,1671.190723,1673.164242,1676.120897,1679.073202,1682.021157,1683.984044,1686.924749,1689.861105,1692.793112,1694.745366,1697.670122,1700.590529
105 to 114mm-1,105_114mm,105 to 114mm-1:1,1,2023-09-10 13:58,1,72,merus,glass,,,,,,TS04439,TSH20X9,36.97999954,43,64,8848,9441,10324,11122,12045,12778,13902,15321,17146,18313,20239,21884,22917,24170,25464,26759,27563,28745,29681,30716,31387,32245,32994,33640,33966,34378,34686,34831,35012,35135,35205,35212,35257,35311,35329,35335,35423,35354,35476,35566,35673,35801,35862,35891,35966,35942,36049,36051,35981,36061,35977,35987,35973,35747,35709,35519,35369,35229,35002,34672,34462,34022,33605,32940,32532,31603,30727,30134,29843,29684,29646,29749,29781,29895,29946,29932,29984,30004,29917,29789,29927,29750,29959,29958,30503,31270,32137,32710,33448,34182,34750,35294,35887,36360,36912,37393,37967,38598,39099,39522,40200,40792,41202,41581,42094,42455,42649,42875,43016,43137,43337,43380,43447,43466,43475,43405,43393,43231,43062,42987,42718,42342,41958,41684,41230,40728,40214,39989,39398,38785,38093,37720,37034,36260,35337,34804,34017,33276,32418,32013,31269,30413,29498,28797,27668,26583,25339,24547,23321,22143,21061,20346,19492,18670,18324,17835,17394,16949,16823,16448,16226,15997,15835,15661,15513,15429,15349,15223,15076,14982,14955,14929,14808,14848,14905,14852,14953,14941,15122,15206,15337,15450,15414,15508,15621,15738,15821,15874,15950,15887,15915,15991,16014,16029,16079,16022,16069,16006,15875,15832,15738,15643,15565,15398,15305,15316,15178,14929,14809,14646,14424,14360,14055,13836,13656,13463,13219,12865,12800,12496,12147,11938,11702,11359,10835,10598,10211,9863,9564,9209,8734,8291,7770,7367,6769,6228,5574,5277,4583,4004,3401,2997,2461,2255,2223,2204,2292,2145,1992,1863,1503,1347,1182,1079,1031,998
,,,,,,72,merus,glass,,,,,,,,,,,901.2609948,903.8821375,907.8102267,911.7339663,915.6533561,918.2638661,922.1760064,926.083797,929.9872379,932.5871153,936.4833067,940.3751484,942.967293,946.8518852,950.7321276,954.6080204,957.1895324,961.0581756,964.9224691,968.7824129,971.3532923,975.2059866,979.0543312,982.8983261,985.4585729,989.2953182,993.1277139,996.9557599,999.505374,1003.32617,1007.142617,1010.954714,1013.493696,1017.298543,1021.099041,1024.895189,1027.423538,1031.212437,1034.996986,1038.777185,1041.294901,1045.067851,1048.836451,1052.600701,1055.107785,1058.864785,1062.617436,1066.365738,1068.862189,1072.60324,1076.339943,1080.072295,1082.558113,1086.283216,1090.003969,1093.720373,1096.195559,1099.904713,1103.609517,1107.309971,1109.774525,1113.46773,1117.156585,1120.841091,1123.295011,1126.972267,1130.645174,1134.31373,1136.757018,1140.418325,1144.075283,1147.727891,1150.160546,1153.805904,1157.446913,1161.083572,1163.505594,1167.135004,1170.760063,1174.380773,1176.792163,1180.405624,1184.014734,1186.418392,1190.020253,1193.617764,1197.210926,1199.603951,1203.189863,1206.771425,1210.348638,1212.73103,1216.300994,1219.866607,1223.427871,1225.79963,1229.353645,1232.90331,1236.448624,1238.809751,1242.347817,1245.881532,1249.410899,1251.761393,1255.283509,1258.801276,1262.314693,1264.654555,1268.160722,1271.66254,1275.160008,1277.489237,1280.979456,1284.465325,1287.946844,1290.265441,1293.73971,1297.20963,1300.675201,1302.983164,1306.441485,1309.895456,1313.345078,1315.642409,1319.084781,1322.522803,1325.956475,1328.243174,1331.669597,1335.09167,1338.509394,1340.785459,1344.195933,1347.602058,1351.003832,1353.269266,1356.663791,1360.053966,1363.439792,1365.694592,1369.073169,1372.447395,1375.817272,1378.06144,1381.424067,1384.782345,1388.136272,1390.369808,1393.716486,1397.058815,1400.396794,1402.619696,1405.950426,1409.276805,1411.491975,1414.811106,1418.125886,1421.436317,1423.640854,1426.944035,1430.242867,1433.537349,1435.731253,1439.018486,1442.301368,1445.579901,1447.763173,1451.034457,1454.30139,1457.563974,1459.736614,1462.991948,1466.242933,1469.489568,1471.651575,1474.89096,1478.125996,1481.356682,1483.508057,1486.731493,1489.95058,1493.165317,1495.306059,1498.513547,1501.716685,1504.915473,1507.045582,1510.237121,1513.42431,1516.607149,1518.726625,1521.902215,1525.073455,1528.240346,1530.349189,1533.50883,1536.664121,1539.815063,1541.913274,1545.056966,1548.196308,1551.331301,1553.418879,1556.546622,1559.670016,1562.789059,1564.866005,1567.977799,1571.085244,1574.188338,1576.254652,1579.350497,1582.441992,1585.529138,1587.584819,1590.664715,1593.740262,1596.811458,1598.856507,1601.920454,1604.980051,1608.035299,1610.069715,1613.117713,1616.161362,1618.188044,1621.224444,1624.256493,1627.284193,1629.300243,1632.320693,1635.336794,1638.348544,1640.353962,1643.358463,1646.358615,1649.354417,1651.349201,1654.337754,1657.321957,1660.30181,1662.285962,1665.258565,1668.226819,1671.190723,1673.164242,1676.120897,1679.073202,1682.021157,1683.984044,1686.924749,1689.861105,1692.793112,1694.745366,1697.670122,1700.590529
105 to 114mm-1,105_114mm,105 to 114mm-1:1,1,2023-09-10 13:58,2,72,merus,glass,,,,,,TS04439,TSH20X9,37.15000153,42.84000015,64,8642,9341,10201,10918,11845,12529,13785,15164,16926,18078,20015,21597,22638,24002,25218,26441,27245,28409,29418,30409,31094,31916,32681,33317,33603,34030,34338,34481,34679,34668,34826,34915,34878,34944,35013,35020,35016,35113,35174,35260,35329,35352,35396,35469,35491,35563,35618,35614,35607,35625,35487,35529,35477,35328,35226,35015,34934,34688,34612,34276,34018,33572,33092,32478,32105,31275,30345,29765,29435,29207,29267,29364,29357,29412,29574,29478,29534,29528,29561,29481,29535,29521,29534,29766,30125,30870,31720,32313,33188,33852,34395,34917,35559,36095,36648,37056,37673,38209,38822,39215,39887,40359,40960,41279,41739,42099,42391,42500,42780,42924,42981,43109,43225,43239,43204,43166,43126,43025,42749,42620,42359,42012,41714,41323,41023,40466,39985,39716,39112,38577,37892,37503,36844,36043,35228,34726,33954,33159,32466,31930,31128,30285,29320,28603,27509,26462,25198,24432,23190,21950,20875,20223,19439,18598,18120,17687,17261,16839,16616,16267,16085,15846,15799,15633,15484,15294,15269,15199,15005,15002,14950,14926,14854,14882,14915,15021,15045,15050,15167,15219,15349,15429,15498,15600,15738,15750,15833,15933,16039,15937,15982,16037,16061,16104,16116,15990,16145,16018,15882,15877,15764,15653,15642,15559,15461,15291,15186,15037,14861,14671,14444,14330,14051,13875,13724,13509,13286,12981,12813,12531,12234,11962,11794,11395,10944,10804,10304,9854,9585,9214,8814,8350,7781,7387,6857,6154,5609,5354,4686,4080,3456,3062,2564,2250,2224,2368,2367,2138,1952,1807,1563,1373,1178,1098,1049,895
,,,,,,72,merus,glass,,,,,,,,,,,901.2609948,903.8821375,907.8102267,911.7339663,915.6533561,918.2638661,922.1760064,926.083797,929.9872379,932.5871153,936.4833067,940.3751484,942.967293,946.8518852,950.7321276,954.6080204,957.1895324,961.0581756,964.9224691,968.7824129,971.3532923,975.2059866,979.0543312,982.8983261,985.4585729,989.2953182,993.1277139,996.9557599,999.505374,1003.32617,1007.142617,1010.954714,1013.493696,1017.298543,1021.099041,1024.895189,1027.423538,1031.212437,1034.996986,1038.777185,1041.294901,1045.067851,1048.836451,1052.600701,1055.107785,1058.864785,1062.617436,1066.365738,1068.862189,1072.60324,1076.339943,1080.072295,1082.558113,1086.283216,1090.003969,1093.720373,1096.195559,1099.904713,1103.609517,1107.309971,1109.774525,1113.46773,1117.156585,1120.841091,1123.295011,1126.972267,1130.645174,1134.31373,1136.757018,1140.418325,1144.075283,1147.727891,1150.160546,1153.805904,1157.446913,1161.083572,1163.505594,1167.135004,1170.760063,1174.380773,1176.792163,1180.405624,1184.014734,1186.418392,1190.020253,1193.617764,1197.210926,1199.603951,1203.189863,1206.771425,1210.348638,1212.73103,1216.300994,1219.866607,1223.427871,1225.79963,1229.353645,1232.90331,1236.448624,1238.809751,1242.347817,1245.881532,1249.410899,1251.761393,1255.283509,1258.801276,1262.314693,1264.654555,1268.160722,1271.66254,1275.160008,1277.489237,1280.979456,1284.465325,1287.946844,1290.265441,1293.73971,1297.20963,1300.675201,1302.983164,1306.441485,1309.895456,1313.345078,1315.642409,1319.084781,1322.522803,1325.956475,1328.243174,1331.669597,1335.09167,1338.509394,1340.785459,1344.195933,1347.602058,1351.003832,1353.269266,1356.663791,1360.053966,1363.439792,1365.694592,1369.073169,1372.447395,1375.817272,1378.06144,1381.424067,1384.782345,1388.136272,1390.369808,1393.716486,1397.058815,1400.396794,1402.619696,1405.950426,1409.276805,1411.491975,1414.811106,1418.125886,1421.436317,1423.640854,1426.944035,1430.242867,1433.537349,1435.731253,1439.018486,1442.301368,1445.579901,1447.763173,1451.034457,1454.30139,1457.563974,1459.736614,1462.991948,1466.242933,1469.489568,1471.651575,1474.89096,1478.125996,1481.356682,1483.508057,1486.731493,1489.95058,1493.165317,1495.306059,1498.513547,1501.716685,1504.915473,1507.045582,1510.237121,1513.42431,1516.607149,1518.726625,1521.902215,1525.073455,1528.240346,1530.349189,1533.50883,1536.664121,1539.815063,1541.913274,1545.056966,1548.196308,1551.331301,1553.418879,1556.546622,1559.670016,1562.789059,1564.866005,1567.977799,1571.085244,1574.188338,1576.254652,1579.350497,1582.441992,1585.529138,1587.584819,1590.664715,1593.740262,1596.811458,1598.856507,1601.920454,1604.980051,1608.035299,1610.069715,1613.117713,1616.161362,1618.188044,1621.224444,1624.256493,1627.284193,1629.300243,1632.320693,1635.336794,1638.348544,1640.353962,1643.358463,1646.358615,1649.354417,1651.349201,1654.337754,1657.321957,1660.30181,1662.285962,1665.258565,1668.226819,1671.190723,1673.164242,1676.120897,1679.073202,1682.021157,1683.984044,1686.924749,1689.861105,1692.793112,1694.745366,1697.670122,1700.590529
105 to 114mm-1,105_114mm,105 to 114mm-1:1,1,2023-09-10 13:58,3,72,merus,glass,,,,,,TS04439,TSH20X9,37.31000137,42.68000031,64,8925,9575,10430,11279,12166,12876,14120,15545,17424,18566,20406,22116,23211,24566,25868,27039,27888,29151,30242,31210,31905,32773,33528,34288,34533,35061,35364,35565,35621,35865,35900,36000,36009,36143,36178,36099,36208,36179,36305,36467,36463,36595,36666,36752,36795,36815,36820,36964,36972,36925,36952,36908,36874,36860,36719,36481,36433,36245,36114,35834,35518,35196,34620,34055,33596,32688,31878,31274,31039,30760,30887,31018,31043,31189,31288,31274,31235,31344,31262,31318,31343,31292,31364,31632,32059,32767,33760,34426,35265,35982,36636,37184,37774,38405,39128,39521,40084,40779,41464,41960,42515,43340,43953,44361,44902,45240,45612,45766,46133,46297,46536,46516,46730,46766,46830,46723,46809,46732,46543,46393,46148,45690,45461,45229,44858,44209,43735,43474,42931,42376,41707,41344,40751,39817,38964,38361,37477,36643,36015,35455,34606,33716,32763,32146,31053,29736,28552,27769,26581,25316,24116,23416,22567,21743,21351,20716,20344,19913,19793,19474,19089,19007,18917,18643,18596,18357,18312,18236,18143,18050,17938,17912,17905,17883,17967,17924,18022,18186,18286,18347,18425,18568,18618,18804,18947,18825,18995,19084,19138,19097,19032,19123,19193,19134,19199,19080,18994,18901,18891,18781,18724,18443,18538,18259,18235,18057,17974,17782,17673,17426,17103,16912,16613,16365,16173,15886,15722,15527,15254,14875,14473,14101,13811,13490,13048,12692,12164,11760,11290,10879,10397,9828,9129,8779,8075,7341,6521,6271,5492,4776,3972,3451,2937,2565,2574,2676,2728,2663,2369,2179,1795,1551,1379,1272,1321,1201
,,,,,,72,merus,glass,,,,,,,,,,,901.2609948,903.8821375,907.8102267,911.7339663,915.6533561,918.2638661,922.1760064,926.083797,929.9872379,932.5871153,936.4833067,940.3751484,942.967293,946.8518852,950.7321276,954.6080204,957.1895324,961.0581756,964.9224691,968.7824129,971.3532923,975.2059866,979.0543312,982.8983261,985.4585729,989.2953182,993.1277139,996.9557599,999.505374,1003.32617,1007.142617,1010.954714,1013.493696,1017.298543,1021.099041,1024.895189,1027.423538,1031.212437,1034.996986,1038.777185,1041.294901,1045.067851,1048.836451,1052.600701,1055.107785,1058.864785,1062.617436,1066.365738,1068.862189,1072.60324,1076.339943,1080.072295,1082.558113,1086.283216,1090.003969,1093.720373,1096.195559,1099.904713,1103.609517,1107.309971,1109.774525,1113.46773,1117.156585,1120.841091,1123.295011,1126.972267,1130.645174,1134.31373,1136.757018,1140.418325,1144.075283,1147.727891,1150.160546,1153.805904,1157.446913,1161.083572,1163.505594,1167.135004,1170.760063,1174.380773,1176.792163,1180.405624,1184.014734,1186.418392,1190.020253,1193.617764,1197.210926,1199.603951,1203.189863,1206.771425,1210.348638,1212.73103,1216.300994,1219.866607,1223.427871,1225.79963,1229.353645,1232.90331,1236.448624,1238.809751,1242.347817,1245.881532,1249.410899,1251.761393,1255.283509,1258.801276,1262.314693,1264.654555,1268.160722,1271.66254,1275.160008,1277.489237,1280.979456,1284.465325,1287.946844,1290.265441,1293.73971,1297.20963,1300.675201,1302.983164,1306.441485,1309.895456,1313.345078,1315.642409,1319.084781,1322.522803,1325.956475,1328.243174,1331.669597,1335.09167,1338.509394,1340.785459,1344.195933,1347.602058,1351.003832,1353.269266,1356.663791,1360.053966,1363.439792,1365.694592,1369.073169,1372.447395,1375.817272,1378.06144,1381.424067,1384.782345,1388.136272,1390.369808,1393.716486,1397.058815,1400.396794,1402.619696,1405.950426,1409.276805,1411.491975,1414.811106,1418.125886,1421.436317,1423.640854,1426.944035,1430.242867,1433.537349,1435.731253,1439.018486,1442.301368,1445.579901,1447.763173,1451.034457,1454.30139,1457.563974,1459.736614,1462.991948,1466.242933,1469.489568,1471.651575,1474.89096,1478.125996,1481.356682,1483.508057,1486.731493,1489.95058,1493.165317,1495.306059,1498.513547,1501.716685,1504.915473,1507.045582,1510.237121,1513.42431,1516.607149,1518.726625,1521.902215,1525.073455,1528.240346,1530.349189,1533.50883,1536.664121,1539.815063,1541.913274,1545.056966,1548.196308,1551.331301,1553.418879,1556.546622,1559.670016,1562.789059,1564.866005,1567.977799,1571.085244,1574.188338,1576.254652,1579.350497,1582.441992,1585.529138,1587.584819,1590.664715,1593.740262,1596.811458,1598.856507,1601.920454,1604.980051,1608.035299,1610.069715,1613.117713,1616.161362,1618.188044,1621.224444,1624.256493,1627.284193,1629.300243,1632.320693,1635.336794,1638.348544,1640.353962,1643.358463,1646.358615,1649.354417,1651.349201,1654.337754,1657.321957,1660.30181,1662.285962,1665.258565,1668.226819,1671.190723,1673.164242,1676.120897,1679.073202,1682.021157,1683.984044,1686.924749,1689.861105,1692.793112,1694.745366,1697.670122,1700.590529
105 to 114mm-1,105_114mm,105 to 114mm-1:1,1,2023-09-10 13:58,4,72,merus,saranwrap,,,,,,TS04439,TSH20X9,37.70999908,42.25999832,64,7603,8217,8977,9659,10385,10952,11930,13111,14580,15617,17109,18533,19320,20476,21374,22289,22750,23583,24322,25159,25717,26343,26908,27441,27534,27861,28127,28271,28457,28650,28718,28868,28811,28875,28854,28814,28848,28991,29170,29340,29465,29511,29490,29634,29654,29682,29697,29752,29909,29960,30002,30020,29877,29780,29621,29480,29473,29355,29338,29342,29269,29208,29017,28879,28806,28369,27984,27619,27339,26928,26556,26264,25984,25835,25763,25687,25695,25709,25733,25860,26014,26101,26445,26643,26901,27336,27582,27867,28118,28471,28753,28988,29425,29694,30064,30409,30854,31344,31792,32116,32546,32934,33318,33538,33802,34005,34001,34085,34211,34307,34412,34425,34621,34630,34761,34806,34798,34701,34578,34457,34251,33937,33575,33309,33008,32570,32187,31981,31570,31206,30866,30712,30383,30027,29645,29259,28935,28442,28073,27739,27275,26630,25876,25337,24401,23431,22452,21864,20910,20095,19198,18687,18024,17403,17047,16528,16161,15838,15650,15478,15185,15082,14938,14805,14684,14567,14518,14539,14400,14439,14338,14403,14377,14337,14428,14377,14431,14388,14512,14514,14526,14531,14563,14625,14576,14505,14594,14539,14515,14479,14501,14471,14520,14405,14447,14437,14282,14230,14164,14047,14016,13810,13718,13619,13512,13319,13191,13057,12780,12605,12415,12163,11869,11625,11486,11409,11121,10980,10745,10597,10313,10117,10071,9895,9579,9462,9300,9044,8890,8731,8422,8211,8095,7894,7615,7507,7079,6991,6714,6399,6167,5971,5612,5287,4948,4675,4163,3733,3250,2954,2422,2129,1833,1661,1491,1281
,,,,,,72,merus,saranwrap,,,,,,,,,,,901.2609948,903.8821375,907.8102267,911.7339663,915.6533561,918.2638661,922.1760064,926.083797,929.9872379,932.5871153,936.4833067,940.3751484,942.967293,946.8518852,950.7321276,954.6080204,957.1895324,961.0581756,964.9224691,968.7824129,971.3532923,975.2059866,979.0543312,982.8983261,985.4585729,989.2953182,993.1277139,996.9557599,999.505374,1003.32617,1007.142617,1010.954714,1013.493696,1017.298543,1021.099041,1024.895189,1027.423538,1031.212437,1034.996986,1038.777185,1041.294901,1045.067851,1048.836451,1052.600701,1055.107785,1058.864785,1062.617436,1066.365738,1068.862189,1072.60324,1076.339943,1080.072295,1082.558113,1086.283216,1090.003969,1093.720373,1096.195559,1099.904713,1103.609517,1107.309971,1109.774525,1113.46773,1117.156585,1120.841091,1123.295011,1126.972267,1130.645174,1134.31373,1136.757018,1140.418325,1144.075283,1147.727891,1150.160546,1153.805904,1157.446913,1161.083572,1163.505594,1167.135004,1170.760063,1174.380773,1176.792163,1180.405624,1184.014734,1186.418392,1190.020253,1193.617764,1197.210926,1199.603951,1203.189863,1206.771425,1210.348638,1212.73103,1216.300994,1219.866607,1223.427871,1225.79963,1229.353645,1232.90331,1236.448624,1238.809751,1242.347817,1245.881532,1249.410899,1251.761393,1255.283509,1258.801276,1262.314693,1264.654555,1268.160722,1271.66254,1275.160008,1277.489237,1280.979456,1284.465325,1287.946844,1290.265441,1293.73971,1297.20963,1300.675201,1302.983164,1306.441485,1309.895456,1313.345078,1315.642409,1319.084781,1322.522803,1325.956475,1328.243174,1331.669597,1335.09167,1338.509394,1340.785459,1344.195933,1347.602058,1351.003832,1353.269266,1356.663791,1360.053966,1363.439792,1365.694592,1369.073169,1372.447395,1375.817272,1378.06144,1381.424067,1384.782345,1388.136272,1390.369808,1393.716486,1397.058815,1400.396794,1402.619696,1405.950426,1409.276805,1411.491975,1414.811106,1418.125886,1421.436317,1423.640854,1426.944035,1430.242867,1433.537349,1435.731253,1439.018486,1442.301368,1445.579901,1447.763173,1451.034457,1454.30139,1457.563974,1459.736614,1462.991948,1466.242933,1469.489568,1471.651575,1474.89096,1478.125996,1481.356682,1483.508057,1486.731493,1489.95058,1493.165317,1495.306059,1498.513547,1501.716685,1504.915473,1507.045582,1510.237121,1513.42431,1516.607149,1518.726625,1521.902215,1525.073455,1528.240346,1530.349189,1533.50883,1536.664121,1539.815063,1541.913274,1545.056966,1548.196308,1551.331301,1553.418879,1556.546622,1559.670016,1562.789059,1564.866005,1567.977799,1571.085244,1574.188338,1576.254652,1579.350497,1582.441992,1585.529138,1587.584819,1590.664715,1593.740262,1596.811458,1598.856507,1601.920454,1604.980051,1608.035299,1610.069715,1613.117713,1616.161362,1618.188044,1621.224444,1624.256493,1627.284193,1629.300243,1632.320693,1635.336794,1638.348544,1640.353962,1643.358463,1646.358615,1649.354417,1651.349201,1654.337754,1657.321957,1660.30181,1662.285962,1665.258565,1668.226819,1671.190723,1673.164242,1676.120897,1679.073202,1682.021157,1683.984044,1686.924749,1689.861105,1692.793112,1694.745366,1697.670122,1700.590529
105 to 114mm-1,105_114mm,105 to 114mm-1:1,1,2023-09-10 13:58,5,72,merus,saranwrap,,,,,,TS04439,TSH20X9,37.81999969,42.20000076,64,7644,8308,8943,9698,10508,11069,12033,13205,14663,15657,17195,18637,19526,20595,21588,22367,22928,23809,24562,25401,25975,26618,27215,27553,27924,28182,28426,28639,28743,28931,29012,29124,29059,29069,29054,29119,29170,29241,29380,29634,29790,29851,29792,29877,29867,29965,30122,30207,30206,30302,30310,30321,30255,30154,29944,29799,29765,29717,29708,29671,29500,29466,29405,29176,29030,28694,28361,27908,27655,27163,26898,26576,26339,26121,26106,26030,25943,26024,26078,26084,26356,26469,26794,26935,27170,27630,27978,28174,28523,28802,29180,29384,29758,30039,30450,30782,31255,31702,32212,32530,33006,33379,33686,33887,34167,34429,34472,34550,34669,34666,34828,34937,35020,35080,35213,35247,35165,35132,35010,34862,34700,34308,33943,33674,33383,33020,32633,32400,32057,31622,31331,31140,30762,30415,30067,29733,29394,28974,28465,28097,27667,27036,26371,25657,24806,23826,22834,22222,21279,20464,19625,19182,18470,17878,17523,17067,16752,16304,16139,15899,15809,15523,15416,15252,15165,15181,15056,15021,15003,14876,14926,14885,14932,14912,14884,14929,14938,14903,15012,15026,15082,15143,15007,15054,14987,14990,14991,14969,15026,14981,14984,14893,14920,14929,14853,14807,14823,14740,14654,14566,14443,14218,14197,14129,13863,13676,13574,13360,13116,12867,12713,12537,12228,12005,11853,11582,11355,11185,11055,10766,10697,10438,10266,10147,9875,9842,9475,9291,9093,8875,8694,8499,8212,8083,7809,7585,7267,7244,6800,6615,6290,6131,5716,5402,5017,4704,4203,3802,3244,2970,2560,2134,1900,1667,1536,1324
,,,,,,72,merus,saranwrap,,,,,,,,,,,901.2609948,903.8821375,907.8102267,911.7339663,915.6533561,918.2638661,922.1760064,926.083797,929.9872379,932.5871153,936.4833067,940.3751484,942.967293,946.8518852,950.7321276,954.6080204,957.1895324,961.0581756,964.9224691,968.7824129,971.3532923,975.2059866,979.0543312,982.8983261,985.4585729,989.2953182,993.1277139,996.9557599,999.505374,1003.32617,1007.142617,1010.954714,1013.493696,1017.298543,1021.099041,1024.895189,1027.423538,1031.212437,1034.996986,1038.777185,1041.294901,1045.067851,1048.836451,1052.600701,1055.107785,1058.864785,1062.617436,1066.365738,1068.862189,1072.60324,1076.339943,1080.072295,1082.558113,1086.283216,1090.003969,1093.720373,1096.195559,1099.904713,1103.609517,1107.309971,1109.774525,1113.46773,1117.156585,1120.841091,1123.295011,1126.972267,1130.645174,1134.31373,1136.757018,1140.418325,1144.075283,1147.727891,1150.160546,1153.805904,1157.446913,1161.083572,1163.505594,1167.135004,1170.760063,1174.380773,1176.792163,1180.405624,1184.014734,1186.418392,1190.020253,1193.617764,1197.210926,1199.603951,1203.189863,1206.771425,1210.348638,1212.73103,1216.300994,1219.866607,1223.427871,1225.79963,1229.353645,1232.90331,1236.448624,1238.809751,1242.347817,1245.881532,1249.410899,1251.761393,1255.283509,1258.801276,1262.314693,1264.654555,1268.160722,1271.66254,1275.160008,1277.489237,1280.979456,1284.465325,1287.946844,1290.265441,1293.73971,1297.20963,1300.675201,1302.983164,1306.441485,1309.895456,1313.345078,1315.642409,1319.084781,1322.522803,1325.956475,1328.243174,1331.669597,1335.09167,1338.509394,1340.785459,1344.195933,1347.602058,1351.003832,1353.269266,1356.663791,1360.053966,1363.439792,1365.694592,1369.073169,1372.447395,1375.817272,1378.06144,1381.424067,1384.782345,1388.136272,1390.369808,1393.716486,1397.058815,1400.396794,1402.619696,1405.950426,1409.276805,1411.491975,1414.811106,1418.125886,1421.436317,1423.640854,1426.944035,1430.242867,1433.537349,1435.731253,1439.018486,1442.301368,1445.579901,1447.763173,1451.034457,1454.30139,1457.563974,1459.736614,1462.991948,1466.242933,1469.489568,1471.651575,1474.89096,1478.125996,1481.356682,1483.508057,1486.731493,1489.95058,1493.165317,1495.306059,1498.513547,1501.716685,1504.915473,1507.045582,1510.237121,1513.42431,1516.607149,1518.726625,1521.902215,1525.073455,1528.240346,1530.349189,1533.50883,1536.664121,1539.815063,1541.913274,1545.056966,1548.196308,1551.331301,1553.418879,1556.546622,1559.670016,1562.789059,1564.866005,1567.977799,1571.085244,1574.188338,1576.254652,1579.350497,1582.441992,1585.529138,1587.584819,1590.664715,1593.740262,1596.811458,1598.856507,1601.920454,1604.980051,1608.035299,1610.069715,1613.117713,1616.161362,1618.188044,1621.224444,1624.256493,1627.284193,1629.300243,1632.320693,1635.336794,1638.348544,1640.353962,1643.358463,1646.358615,1649.354417,1651.349201,1654.337754,1657.321957,1660.30181,1662.285962,1665.258565,1668.226819,1671.190723,1673.164242,1676.120897,1679.073202,1682.021157,1683.984044,1686.924749,1689.861105,1692.793112,1694.745366,1697.670122,1700.590529
105 to 114mm-1,105_114mm,105 to 114mm-1:1,1,2023-09-10 13:58,6,72,merus,saranwrap,,,,,,TS04439,TSH20X9,37.90999985,42.04000092,64,7702,8254,8966,9632,10471,11077,12045,13210,14588,15619,17271,18666,19503,20630,21530,22444,22932,23828,24600,25459,26022,26662,27221,27674,27956,28128,28434,28661,28779,28998,29094,29129,29165,29116,29144,29120,29228,29331,29498,29719,29816,29932,29902,29936,29960,30022,30143,30250,30305,30391,30375,30411,30353,30173,30074,29888,29861,29794,29757,29681,29630,29552,29328,29257,29111,28736,28358,28008,27777,27272,26888,26623,26432,26250,26199,26045,26065,26089,26155,26263,26414,26599,26851,27131,27369,27771,28119,28295,28613,28933,29237,29372,29817,30144,30581,30984,31338,31842,32380,32690,33136,33578,33826,34062,34408,34495,34543,34584,34786,34818,34997,35107,35209,35280,35448,35368,35407,35312,35220,35049,34773,34497,34167,33916,33595,33131,32781,32662,32294,31863,31565,31418,31118,30670,30251,29948,29447,29126,28656,28381,27846,27131,26527,25860,24948,24070,23094,22535,21613,20739,19882,19427,18882,18178,17834,17440,17051,16751,16558,16240,16051,15873,15798,15635,15555,15449,15455,15387,15296,15260,15258,15301,15307,15310,15352,15335,15407,15401,15373,15349,15474,15423,15348,15409,15439,15301,15357,15306,15270,15316,15283,15246,15246,15193,15136,15081,15121,15023,14929,14836,14704,14558,14430,14305,14205,14039,13804,13615,13385,13179,12871,12724,12495,12223,11990,11798,11554,11363,11294,11034,10840,10597,10528,10310,10090,9930,9722,9433,9289,9060,8803,8683,8374,8178,7967,7731,7404,7334,6937,6690,6428,6268,5834,5494,5080,4841,4319,3840,3325,3050,2498,2180,1853,1739,1552,1263
,,,,,,72,merus,saranwrap,,,,,,,,,,,901.2609948,903.8821375,907.8102267,911.7339663,915.6533561,918.2638661,922.1760064,926.083797,929.9872379,932.5871153,936.4833067,940.3751484,942.967293,946.8518852,950.7321276,954.6080204,957.1895324,961.0581756,964.9224691,968.7824129,971.3532923,975.2059866,979.0543312,982.8983261,985.4585729,989.2953182,993.1277139,996.9557599,999.505374,1003.32617,1007.142617,1010.954714,1013.493696,1017.298543,1021.099041,1024.895189,1027.423538,1031.212437,1034.996986,1038.777185,1041.294901,1045.067851,1048.836451,1052.600701,1055.107785,1058.864785,1062.617436,1066.365738,1068.862189,1072.60324,1076.339943,1080.072295,1082.558113,1086.283216,1090.003969,1093.720373,1096.195559,1099.904713,1103.609517,1107.309971,1109.774525,1113.46773,1117.156585,1120.841091,1123.295011,1126.972267,1130.645174,1134.31373,1136.757018,1140.418325,1144.075283,1147.727891,1150.160546,1153.805904,1157.446913,1161.083572,1163.505594,1167.135004,1170.760063,1174.380773,1176.792163,1180.405624,1184.014734,1186.418392,1190.020253,1193.617764,1197.210926,1199.603951,1203.189863,1206.771425,1210.348638,1212.73103,1216.300994,1219.866607,1223.427871,1225.79963,1229.353645,1232.90331,1236.448624,1238.809751,1242.347817,1245.881532,1249.410899,1251.761393,1255.283509,1258.801276,1262.314693,1264.654555,1268.160722,1271.66254,1275.160008,1277.489237,1280.979456,1284.465325,1287.946844,1290.265441,1293.73971,1297.20963,1300.675201,1302.983164,1306.441485,1309.895456,1313.345078,1315.642409,1319.084781,1322.522803,1325.956475,1328.243174,1331.669597,1335.09167,1338.509394,1340.785459,1344.195933,1347.602058,1351.003832,1353.269266,1356.663791,1360.053966,1363.439792,1365.694592,1369.073169,1372.447395,1375.817272,1378.06144,1381.424067,1384.782345,1388.136272,1390.369808,1393.716486,1397.058815,1400.396794,1402.619696,1405.950426,1409.276805,1411.491975,1414.811106,1418.125886,1421.436317,1423.640854,1426.944035,1430.242867,1433.537349,1435.731253,1439.018486,1442.301368,1445.579901,1447.763173,1451.034457,1454.30139,1457.563974,1459.736614,1462.991948,1466.242933,1469.489568,1471.651575,1474.89096,1478.125996,1481.356682,1483.508057,1486.731493,1489.95058,1493.165317,1495.306059,1498.513547,1501.716685,1504.915473,1507.045582,1510.237121,1513.42431,1516.607149,1518.726625,1521.902215,1525.073455,1528.240346,1530.349189,1533.50883,1536.664121,1539.815063,1541.913274,1545.056966,1548.196308,1551.331301,1553.418879,1556.546622,1559.670016,1562.789059,1564.866005,1567.977799,1571.085244,1574.188338,1576.254652,1579.350497,1582.441992,1585.529138,1587.584819,1590.664715,1593.740262,1596.811458,1598.856507,1601.920454,1604.980051,1608.035299,1610.069715,1613.117713,1616.161362,1618.188044,1621.224444,1624.256493,1627.284193,1629.300243,1632.320693,1635.336794,1638.348544,1640.353962,1643.358463,1646.358615,1649.354417,1651.349201,1654.337754,1657.321957,1660.30181,1662.285962,1665.258565,1668.226819,1671.190723,1673.164242,1676.120897,1679.073202,1682.021157,1683.984044,1686.924749,1689.861105,1692.793112,1694.745366,1697.670122,1700.590529
125 to 134mm-1,125_134mm,125 to 134mm-1:1,1,2023-09-10 13:52,1,71,merus,glass,,,,,,TS04439,TSH20X9,37.59000015,40.72000122,64,9355,10015,10977,11753,12734,13414,14643,16120,17883,19065,20940,22658,23564,24949,26157,27295,28014,29043,30001,30971,31513,32278,32949,33565,33817,34082,34429,34454,34566,34643,34583,34651,34641,34662,34622,34618,34651,34692,34764,34849,34842,34974,34920,35015,35061,35065,35021,35085,35047,35004,34995,34907,34772,34654,34472,34229,34041,33836,33525,33111,32857,32396,31834,31189,30763,29931,28897,28271,27955,27662,27626,27644,27649,27678,27805,27690,27774,27717,27573,27521,27509,27431,27510,27607,27927,28575,29356,29864,30561,31118,31595,32009,32550,32888,33271,33756,34076,34543,34897,35268,35593,36048,36419,36641,36880,37067,37210,37264,37434,37501,37541,37470,37550,37591,37529,37403,37298,37176,36995,36771,36511,36112,35708,35385,35009,34529,33841,33653,33122,32442,31851,31509,30910,30138,29420,28826,28165,27429,26710,26393,25651,24871,23987,23256,22182,21049,19811,18927,17697,16550,15427,14659,13807,13062,12669,12154,11711,11322,11179,10867,10590,10416,10342,10066,9985,9873,9814,9680,9582,9505,9460,9471,9422,9468,9499,9539,9583,9693,9813,9899,9950,10113,10162,10329,10376,10453,10509,10608,10718,10775,10876,10907,11024,11027,11021,11119,11097,11132,11110,11061,11024,11018,10899,10917,10788,10822,10752,10631,10490,10432,10279,10113,9930,9777,9711,9563,9384,9298,9173,8867,8673,8518,8319,8061,7769,7643,7294,7028,6908,6564,6238,5980,5474,5226,4823,4422,4006,3813,3351,2896,2405,2098,1749,1517,1522,1573,1600,1543,1400,1409,1025,894,788,710,745,615
,,,,,,71,merus,glass,,,,,,,,,,,901.2609948,903.8821375,907.8102267,911.7339663,915.6533561,918.2638661,922.1760064,926.083797,929.9872379,932.5871153,936.4833067,940.3751484,942.967293,946.8518852,950.7321276,954.6080204,957.1895324,961.0581756,964.9224691,968.7824129,971.3532923,975.2059866,979.0543312,982.8983261,985.4585729,989.2953182,993.1277139,996.9557599,999.505374,1003.32617,1007.142617,1010.954714,1013.493696,1017.298543,1021.099041,1024.895189,1027.423538,1031.212437,1034.996986,1038.777185,1041.294901,1045.067851,1048.836451,1052.600701,1055.107785,1058.864785,1062.617436,1066.365738,1068.862189,1072.60324,1076.339943,1080.072295,1082.558113,1086.283216,1090.003969,1093.720373,1096.195559,1099.904713,1103.609517,1107.309971,1109.774525,1113.46773,1117.156585,1120.841091,1123.295011,1126.972267,1130.645174,1134.31373,1136.757018,1140.418325,1144.075283,1147.727891,1150.160546,1153.805904,1157.446913,1161.083572,1163.505594,1167.135004,1170.760063,1174.380773,1176.792163,1180.405624,1184.014734,1186.418392,1190.020253,1193.617764,1197.210926,1199.603951,1203.189863,1206.771425,1210.348638,1212.73103,1216.300994,1219.866607,1223.427871,1225.79963,1229.353645,1232.90331,1236.448624,1238.809751,1242.347817,1245.881532,1249.410899,1251.761393,1255.283509,1258.801276,1262.314693,1264.654555,1268.160722,1271.66254,1275.160008,1277.489237,1280.979456,1284.465325,1287.946844,1290.265441,1293.73971,1297.20963,1300.675201,1302.983164,1306.441485,1309.895456,1313.345078,1315.642409,1319.084781,1322.522803,1325.956475,1328.243174,1331.669597,1335.09167,1338.509394,1340.785459,1344.195933,1347.602058,1351.003832,1353.269266,1356.663791,1360.053966,1363.439792,1365.694592,1369.073169,1372.447395,1375.817272,1378.06144,1381.424067,1384.782345,1388.136272,1390.369808,1393.716486,1397.058815,1400.396794,1402.619696,1405.950426,1409.276805,1411.491975,1414.811106,1418.125886,1421.436317,1423.640854,1426.944035,1430.242867,1433.537349,1435.731253,1439.018486,1442.301368,1445.579901,1447.763173,1451.034457,1454.30139,1457.563974,1459.736614,1462.991948,1466.242933,1469.489568,1471.651575,1474.89096,1478.125996,1481.356682,1483.508057,1486.731493,1489.95058,1493.165317,1495.306059,1498.513547,1501.716685,1504.915473,1507.045582,1510.237121,1513.42431,1516.607149,1518.726625,1521.902215,1525.073455,1528.240346,1530.349189,1533.50883,1536.664121,1539.815063,1541.913274,1545.056966,1548.196308,1551.331301,1553.418879,1556.546622,1559.670016,1562.789059,1564.866005,1567.977799,1571.085244,1574.188338,1576.254652,1579.350497,1582.441992,1585.529138,1587.584819,1590.664715,1593.740262,1596.811458,1598.856507,1601.920454,1604.980051,1608.035299,1610.069715,1613.117713,1616.161362,1618.188044,1621.224444,1624.256493,1627.284193,1629.300243,1632.320693,1635.336794,1638.348544,1640.353962,1643.358463,1646.358615,1649.354417,1651.349201,1654.337754,1657.321957,1660.30181,1662.285962,1665.258565,1668.226819,1671.190723,1673.164242,1676.120897,1679.073202,1682.021157,1683.984044,1686.924749,1689.861105,1692.793112,1694.745366,1697.670122,1700.590529
125 to 134mm-1,125_134mm,125 to 134mm-1:1,1,2023-09-10 13:52,2,71,merus,glass,,,,,,TS04439,TSH20X9,37.77000046,40.56000137,64,9418,10168,11129,11896,12907,13609,14780,16346,18086,19322,21243,22870,23860,25314,26512,27628,28316,29418,30419,31331,31869,32612,33378,34015,34238,34609,34807,34936,34989,35093,35033,35191,35121,35125,35104,35095,35015,35044,35170,35233,35275,35370,35371,35420,35473,35483,35537,35487,35440,35440,35280,35199,35160,34963,34824,34472,34337,34136,33844,33541,33263,32740,32153,31546,30986,30083,29260,28612,28237,27904,27907,27977,27858,27894,28026,27891,27915,27907,27860,27732,27818,27674,27799,27847,28193,28923,29707,30220,30913,31512,32002,32382,32811,33244,33658,33912,34410,34881,35281,35607,35965,36371,36785,36977,37256,37471,37575,37679,37719,37784,37892,37905,37856,37825,37913,37776,37643,37501,37221,37028,36799,36327,35968,35649,35197,34707,34208,33803,33298,32689,32070,31649,31041,30306,29437,29002,28255,27526,26860,26490,25705,24863,23977,23235,22222,21031,19763,18970,17676,16405,15272,14610,13790,12910,12527,11988,11601,11214,10987,10727,10478,10251,10160,9981,9876,9739,9687,9586,9472,9464,9331,9365,9376,9419,9435,9438,9528,9617,9697,9870,9967,10067,10093,10205,10374,10361,10459,10590,10729,10771,10733,10855,10944,10969,10980,11109,11147,11060,11058,11031,10977,10907,10920,10825,10868,10729,10679,10652,10587,10385,10202,10148,9926,9816,9770,9615,9389,9291,9154,8870,8749,8473,8311,8132,7764,7641,7325,7046,6788,6551,6278,5926,5440,5283,4806,4457,4048,3728,3351,2855,2450,2169,1731,1542,1488,1603,1644,1534,1383,1318,1091,917,781,667,689,612
,,,,,,71,merus,glass,,,,,,,,,,,901.2609948,903.8821375,907.8102267,911.7339663,915.6533561,918.2638661,922.1760064,926.083797,929.9872379,932.5871153,936.4833067,940.3751484,942.967293,946.8518852,950.7321276,954.6080204,957.1895324,961.0581756,964.9224691,968.7824129,971.3532923,975.2059866,979.0543312,982.8983261,985.4585729,989.2953182,993.1277139,996.9557599,999.505374,1003.32617,1007.142617,1010.954714,1013.493696,1017.298543,1021.099041,1024.895189,1027.423538,1031.212437,1034.996986,1038.777185,1041.294901,1045.067851,1048.836451,1052.600701,1055.107785,1058.864785,1062.617436,1066.365738,1068.862189,1072.60324,1076.339943,1080.072295,1082.558113,1086.283216,1090.003969,1093.720373,1096.195559,1099.904713,1103.609517,1107.309971,1109.774525,1113.46773,1117.156585,1120.841091,1123.295011,1126.972267,1130.645174,1134.31373,1136.757018,1140.418325,1144.075283,1147.727891,1150.160546,1153.805904,1157.446913,1161.083572,1163.505594,1167.135004,1170.760063,1174.380773,1176.792163,1180.405624,1184.014734,1186.418392,1190.020253,1193.617764,1197.210926,1199.603951,1203.189863,1206.771425,1210.348638,1212.73103,1216.300994,1219.866607,1223.427871,1225.79963,1229.353645,1232.90331,1236.448624,1238.809751,1242.347817,1245.881532,1249.410899,1251.761393,1255.283509,1258.801276,1262.314693,1264.654555,1268.160722,1271.66254,1275.160008,1277.489237,1280.979456,1284.465325,1287.946844,1290.265441,1293.73971,1297.20963,1300.675201,1302.983164,1306.441485,1309.895456,1313.345078,1315.642409,1319.084781,1322.522803,1325.956475,1328.243174,1331.669597,1335.09167,1338.509394,1340.785459,1344.195933,1347.602058,1351.003832,1353.269266,1356.663791,1360.053966,1363.439792,1365.694592,1369.073169,1372.447395,1375.817272,1378.06144,1381.424067,1384.782345,1388.136272,1390.369808,1393.716486,1397.058815,1400.396794,1402.619696,1405.950426,1409.276805,1411.491975,1414.811106,1418.125886,1421.436317,1423.640854,1426.944035,1430.242867,1433.537349,1435.731253,1439.018486,1442.301368,1445.579901,1447.763173,1451.034457,1454.30139,1457.563974,1459.736614,1462.991948,1466.242933,1469.489568,1471.651575,1474.89096,1478.125996,1481.356682,1483.508057,1486.731493,1489.95058,1493.165317,1495.306059,1498.513547,1501.716685,1504.915473,1507.045582,1510.237121,1513.42431,1516.607149,1518.726625,1521.902215,1525.073455,1528.240346,1530.349189,1533.50883,1536.664121,1539.815063,1541.913274,1545.056966,1548.196308,1551.331301,1553.418879,1556.546622,1559.670016,1562.789059,1564.866005,1567.977799,1571.085244,1574.188338,1576.254652,1579.350497,1582.441992,1585.529138,1587.584819,1590.664715,1593.740262,1596.811458,1598.856507,1601.920454,1604.980051,1608.035299,1610.069715,1613.117713,1616.161362,1618.188044,1621.224444,1624.256493,1627.284193,1629.300243,1632.320693,1635.336794,1638.348544,1640.353962,1643.358463,1646.358615,1649.354417,1651.349201,1654.337754,1657.321957,1660.30181,1662.285962,1665.258565,1668.226819,1671.190723,1673.164242,1676.120897,1679.073202,1682.021157,1683.984044,1686.924749,1689.861105,1692.793112,1694.745366,1697.670122,1700.590529
125 to 134mm-1,125_134mm,125 to 134mm-1:1,1,2023-09-10 13:52,3,71,merus,glass,,,,,,TS04439,TSH20X9,37.95999908,40.34999847,64,9502,10215,11144,11978,12935,13727,15014,16395,18235,19526,21393,23075,24147,25428,26711,27905,28589,29688,30680,31679,32270,32989,33710,34276,34596,34868,35155,35293,35383,35392,35403,35495,35399,35419,35418,35389,35496,35415,35476,35552,35558,35656,35616,35775,35816,35817,35793,35766,35804,35701,35563,35516,35463,35271,35095,34834,34614,34412,34116,33789,33445,32991,32457,31796,31265,30353,29496,28801,28520,28171,28143,28106,28167,28202,28290,28185,28238,28145,28113,27997,28037,28010,28000,28100,28483,29268,29944,30479,31239,31803,32374,32739,33179,33567,34034,34307,34711,35243,35629,35933,36374,36762,37127,37323,37626,37832,37890,37998,38141,38104,38202,38327,38287,38186,38094,38091,37927,37810,37620,37457,37120,36779,36328,35994,35541,34973,34394,34151,33566,32969,32327,31948,31306,30480,29692,29221,28450,27762,27050,26621,25887,25027,24134,23483,22332,21151,19829,19010,17697,16472,15272,14588,13758,13022,12544,12071,11610,11196,10972,10712,10460,10234,10139,9945,9881,9773,9698,9649,9494,9427,9440,9480,9454,9371,9468,9518,9516,9594,9728,9903,9889,10121,10101,10218,10349,10365,10520,10595,10769,10743,10850,10908,10928,11091,11119,11116,11176,11166,11142,11156,11157,10983,10983,10994,10869,10884,10806,10768,10561,10515,10324,10233,10097,9872,9788,9676,9496,9310,9155,9001,8787,8499,8409,8217,7865,7624,7360,7076,6897,6600,6319,6055,5574,5352,4851,4397,4025,3798,3357,2938,2490,2129,1764,1528,1510,1525,1593,1493,1364,1331,1058,910,863,746,654,632
,,,,,,71,merus,glass,,,,,,,,,,,901.2609948,903.8821375,907.8102267,911.7339663,915.6533561,918.2638661,922.1760064,926.083797,929.9872379,932.5871153,936.4833067,940.3751484,942.967293,946.8518852,950.7321276,954.6080204,957.1895324,961.0581756,964.9224691,968.7824129,971.3532923,975.2059866,979.0543312,982.8983261,985.4585729,989.2953182,993.1277139,996.9557599,999.505374,1003.32617,1007.142617,1010.954714,1013.493696,1017.298543,1021.099041,1024.895189,1027.423538,1031.212437,1034.996986,1038.777185,1041.294901,1045.067851,1048.836451,1052.600701,1055.107785,1058.864785,1062.617436,1066.365738,1068.862189,1072.60324,1076.339943,1080.072295,1082.558113,1086.283216,1090.003969,1093.720373,1096.195559,1099.904713,1103.609517,1107.309971,1109.774525,1113.46773,1117.156585,1120.841091,1123.295011,1126.972267,1130.645174,1134.31373,1136.757018,1140.418325,1144.075283,1147.727891,1150.160546,1153.805904,1157.446913,1161.083572,1163.505594,1167.135004,1170.760063,1174.380773,1176.792163,1180.405624,1184.014734,1186.418392,1190.020253,1193.617764,1197.210926,1199.603951,1203.189863,1206.771425,1210.348638,1212.73103,1216.300994,1219.866607,1223.427871,1225.79963,1229.353645,1232.90331,1236.448624,1238.809751,1242.347817,1245.881532,1249.410899,1251.761393,1255.283509,1258.801276,1262.314693,1264.654555,1268.160722,1271.66254,1275.160008,1277.489237,1280.979456,1284.465325,1287.946844,1290.265441,1293.73971,1297.20963,1300.675201,1302.983164,1306.441485,1309.895456,1313.345078,1315.642409,1319.084781,1322.522803,1325.956475,1328.243174,1331.669597,1335.09167,1338.509394,1340.785459,1344.195933,1347.602058,1351.003832,1353.269266,1356.663791,1360.053966,1363.439792,1365.694592,1369.073169,1372.447395,1375.817272,1378.06144,1381.424067,1384.782345,1388.136272,1390.369808,1393.716486,1397.058815,1400.396794,1402.619696,1405.950426,1409.276805,1411.491975,1414.811106,1418.125886,1421.436317,1423.640854,1426.944035,1430.242867,1433.537349,1435.731253,1439.018486,1442.301368,1445.579901,1447.763173,1451.034457,1454.30139,1457.563974,1459.736614,1462.991948,1466.242933,1469.489568,1471.651575,1474.89096,1478.125996,1481.356682,1483.508057,1486.731493,1489.95058,1493.165317,1495.306059,1498.513547,1501.716685,1504.915473,1507.045582,1510.237121,1513.42431,1516.607149,1518.726625,1521.902215,1525.073455,1528.240346,1530.349189,1533.50883,1536.664121,1539.815063,1541.913274,1545.056966,1548.196308,1551.331301,1553.418879,1556.546622,1559.670016,1562.789059,1564.866005,1567.977799,1571.085244,1574.188338,1576.254652,1579.350497,1582.441992,1585.529138,1587.584819,1590.664715,1593.740262,1596.811458,1598.856507,1601.920454,1604.980051,1608.035299,1610.069715,1613.117713,1616.161362,1618.188044,1621.224444,1624.256493,1627.284193,1629.300243,1632.320693,1635.336794,1638.348544,1640.353962,1643.358463,1646.358615,1649.354417,1651.349201,1654.337754,1657.321957,1660.30181,1662.285962,1665.258565,1668.226819,1671.190723,1673.164242,1676.120897,1679.073202,1682.021157,1683.984044,1686.924749,1689.861105,1692.793112,1694.745366,1697.670122,1700.590529
125 to 134mm-1,125_134mm,125 to 134mm-1:1,1,2023-09-10 13:52,4,71,merus,saranwrap,,,,,,TS04439,TSH20X9,37.58000183,41.43999863,64,11172,12008,13038,14028,15107,15891,17451,19105,21253,22740,24928,26872,28130,29767,31236,32588,33465,34786,35981,37260,37791,38846,39613,40370,40714,41088,41376,41600,41664,41692,41683,41741,41721,41597,41606,41453,41374,41391,41463,41439,41408,41351,41333,41452,41401,41380,41264,41230,41236,41200,40952,40959,40850,40623,40473,40252,40061,39916,39704,39463,39234,38911,38743,38456,38277,37837,37397,36885,36466,35822,35075,34563,34180,33822,33610,33415,33351,33427,33416,33660,33805,33886,34165,34272,34480,34810,35186,35377,35865,36304,36652,36986,37529,38028,38496,38859,39375,39819,40303,40763,41075,41512,42015,42307,42632,42844,42962,43031,43262,43329,43427,43490,43425,43407,43315,43238,43081,42819,42597,42419,42108,41626,41325,40962,40647,39958,39378,39010,38416,37681,37048,36653,36086,35405,34691,34297,33617,33052,32383,32046,31349,30442,29448,28663,27371,25904,24244,23274,21689,20141,18799,17865,16691,15675,15115,14344,13753,13194,13031,12626,12355,12112,11986,11809,11670,11555,11481,11405,11341,11194,11203,11140,11168,11233,11251,11280,11416,11488,11592,11697,11778,12056,11961,12189,12306,12331,12494,12584,12703,12762,12769,12946,12870,13023,13046,13023,13076,12981,12976,12933,12892,12829,12883,12764,12719,12694,12594,12375,12351,12189,12032,11916,11760,11515,11402,11410,11124,11036,10879,10698,10484,10315,10185,10014,9802,9744,9479,9257,9078,8835,8697,8490,8135,8051,7817,7654,7366,7249,7013,6698,6472,6275,5852,5465,5162,4801,4333,3985,3446,3145,2623,2288,1973,1626,1523,1392
,,,,,,71,merus,saranwrap,,,,,,,,,,,901.2609948,903.8821375,907.8102267,911.7339663,915.6533561,918.2638661,922.1760064,926.083797,929.9872379,932.5871153,936.4833067,940.3751484,942.967293,946.8518852,950.7321276,954.6080204,957.1895324,961.0581756,964.9224691,968.7824129,971.3532923,975.2059866,979.0543312,982.8983261,985.4585729,989.2953182,993.1277139,996.9557599,999.505374,1003.32617,1007.142617,1010.954714,1013.493696,1017.298543,1021.099041,1024.895189,1027.423538,1031.212437,1034.996986,1038.777185,1041.294901,1045.067851,1048.836451,1052.600701,1055.107785,1058.864785,1062.617436,1066.365738,1068.862189,1072.60324,1076.339943,1080.072295,1082.558113,1086.283216,1090.003969,1093.720373,1096.195559,1099.904713,1103.609517,1107.309971,1109.774525,1113.46773,1117.156585,1120.841091,1123.295011,1126.972267,1130.645174,1134.31373,1136.757018,1140.418325,1144.075283,1147.727891,1150.160546,1153.805904,1157.446913,1161.083572,1163.505594,1167.135004,1170.760063,1174.380773,1176.792163,1180.405624,1184.014734,1186.418392,1190.020253,1193.617764,1197.210926,1199.603951,1203.189863,1206.771425,1210.348638,1212.73103,1216.300994,1219.866607,1223.427871,1225.79963,1229.353645,1232.90331,1236.448624,1238.809751,1242.347817,1245.881532,1249.410899,1251.761393,1255.283509,1258.801276,1262.314693,1264.654555,1268.160722,1271.66254,1275.160008,1277.489237,1280.979456,1284.465325,1287.946844,1290.265441,1293.73971,1297.20963,1300.675201,1302.983164,1306.441485,1309.895456,1313.345078,1315.642409,1319.084781,1322.522803,1325.956475,1328.243174,1331.669597,1335.09167,1338.509394,1340.785459,1344.195933,1347.602058,1351.003832,1353.269266,1356.663791,1360.053966,1363.439792,1365.694592,1369.073169,1372.447395,1375.817272,1378.06144,1381.424067,1384.782345,1388.136272,1390.369808,1393.716486,1397.058815,1400.396794,1402.619696,1405.950426,1409.276805,1411.491975,1414.811106,1418.125886,1421.436317,1423.640854,1426.944035,1430.242867,1433.537349,1435.731253,1439.018486,1442.301368,1445.579901,1447.763173,1451.034457,1454.30139,1457.563974,1459.736614,1462.991948,1466.242933,1469.489568,1471.651575,1474.89096,1478.125996,1481.356682,1483.508057,1486.731493,1489.95058,1493.165317,1495.306059,1498.513547,1501.716685,1504.915473,1507.045582,1510.237121,1513.42431,1516.607149,1518.726625,1521.902215,1525.073455,1528.240346,1530.349189,1533.50883,1536.664121,1539.815063,1541.913274,1545.056966,1548.196308,1551.331301,1553.418879,1556.546622,1559.670016,1562.789059,1564.866005,1567.977799,1571.085244,1574.188338,1576.254652,1579.350497,1582.441992,1585.529138,1587.584819,1590.664715,1593.740262,1596.811458,1598.856507,1601.920454,1604.980051,1608.035299,1610.069715,1613.117713,1616.161362,1618.188044,1621.224444,1624.256493,1627.284193,1629.300243,1632.320693,1635.336794,1638.348544,1640.353962,1643.358463,1646.358615,1649.354417,1651.349201,1654.337754,1657.321957,1660.30181,1662.285962,1665.258565,1668.226819,1671.190723,1673.164242,1676.120897,1679.073202,1682.021157,1683.984044,1686.924749,1689.861105,1692.793112,1694.745366,1697.670122,1700.590529
125 to 134mm-1,125_134mm,125 to 134mm-1:1,1,2023-09-10 13:52,5,71,merus,saranwrap,,,,,,TS04439,TSH20X9,37.74000168,41.29000092,64,11321,12141,13174,14197,15336,16091,17573,19356,21547,22993,25309,27341,28603,30243,31835,33322,34147,35552,36809,38078,38874,39885,40701,41455,41809,42293,42547,42726,42866,42891,42933,43082,42989,42981,42888,42805,42792,42817,42769,42723,42761,42736,42762,42745,42650,42641,42585,42580,42424,42431,42189,42057,41904,41714,41524,41281,40934,40833,40652,40331,40106,39825,39526,39321,39099,38581,38141,37568,37261,36524,35769,35265,34860,34531,34184,34024,34019,34116,34085,34201,34459,34509,34776,34998,35163,35534,35934,36229,36569,37045,37480,37845,38317,38735,39337,39735,40216,40763,41336,41650,42109,42596,43066,43319,43717,43919,44056,44114,44366,44397,44420,44508,44536,44479,44433,44326,44157,43928,43674,43412,43137,42655,42313,41905,41488,40857,40308,39963,39258,38590,37967,37546,36886,36151,35379,35041,34441,33789,33182,32769,32016,31107,30117,29311,27880,26345,24783,23663,22138,20476,18928,17932,16857,15811,15227,14451,13840,13250,13058,12735,12396,12295,12048,11846,11772,11600,11578,11460,11404,11318,11264,11265,11304,11319,11405,11471,11613,11649,11812,11898,12036,12185,12259,12411,12543,12695,12783,12869,12992,13024,13063,13228,13214,13230,13372,13417,13394,13381,13238,13311,13240,13168,13117,13116,13038,12980,12881,12781,12634,12513,12280,12199,12008,11855,11693,11613,11465,11323,11129,10959,10723,10517,10412,10243,10063,9984,9648,9527,9217,9067,8831,8708,8378,8245,8079,7921,7543,7531,7235,6862,6626,6405,6058,5735,5352,4989,4519,4023,3433,3137,2665,2243,1973,1691,1607,1337
,,,,,,71,merus,saranwrap,,,,,,,,,,,901.2609948,903.8821375,907.8102267,911.7339663,915.6533561,918.2638661,922.1760064,926.083797,929.9872379,932.5871153,936.4833067,940.3751484,942.967293,946.8518852,950.7321276,954.6080204,957.1895324,961.0581756,964.9224691,968.7824129,971.3532923,975.2059866,979.0543312,982.8983261,985.4585729,989.2953182,993.1277139,996.9557599,999.505374,1003.32617,1007.142617,1010.954714,1013.493696,1017.298543,1021.099041,1024.895189,1027.423538,1031.212437,1034.996986,1038.777185,1041.294901,1045.067851,1048.836451,1052.600701,1055.107785,1058.864785,1062.617436,1066.365738,1068.862189,1072.60324,1076.339943,1080.072295,1082.558113,1086.283216,1090.003969,1093.720373,1096.195559,1099.904713,1103.609517,1107.309971,1109.774525,1113.46773,1117.156585,1120.841091,1123.295011,1126.972267,1130.645174,1134.31373,1136.757018,1140.418325,1144.075283,1147.727891,1150.160546,1153.805904,1157.446913,1161.083572,1163.505594,1167.135004,1170.760063,1174.380773,1176.792163,1180.405624,1184.014734,1186.418392,1190.020253,1193.617764,1197.210926,1199.603951,1203.189863,1206.771425,1210.348638,1212.73103,1216.300994,1219.866607,1223.427871,1225.79963,1229.353645,1232.90331,1236.448624,1238.809751,1242.347817,1245.881532,1249.410899,1251.761393,1255.283509,1258.801276,1262.314693,1264.654555,1268.160722,1271.66254,1275.160008,1277.489237,1280.979456,1284.465325,1287.946844,1290.265441,1293.73971,1297.20963,1300.675201,1302.983164,1306.441485,1309.895456,1313.345078,1315.642409,1319.084781,1322.522803,1325.956475,1328.243174,1331.669597,1335.09167,1338.509394,1340.785459,1344.195933,1347.602058,1351.003832,1353.269266,1356.663791,1360.053966,1363.439792,1365.694592,1369.073169,1372.447395,1375.817272,1378.06144,1381.424067,1384.782345,1388.136272,1390.369808,1393.716486,1397.058815,1400.396794,1402.619696,1405.950426,1409.276805,1411.491975,1414.811106,1418.125886,1421.436317,1423.640854,1426.944035,1430.242867,1433.537349,1435.731253,1439.018486,1442.301368,1445.579901,1447.763173,1451.034457,1454.30139,1457.563974,1459.736614,1462.991948,1466.242933,1469.489568,1471.651575,1474.89096,1478.125996,1481.356682,1483.508057,1486.731493,1489.95058,1493.165317,1495.306059,1498.513547,1501.716685,1504.915473,1507.045582,1510.237121,1513.42431,1516.607149,1518.726625,1521.902215,1525.073455,1528.240346,1530.349189,1533.50883,1536.664121,1539.815063,1541.913274,1545.056966,1548.196308,1551.331301,1553.418879,1556.546622,1559.670016,1562.789059,1564.866005,1567.977799,1571.085244,1574.188338,1576.254652,1579.350497,1582.441992,1585.529138,1587.584819,1590.664715,1593.740262,1596.811458,1598.856507,1601.920454,1604.980051,1608.035299,1610.069715,1613.117713,1616.161362,1618.188044,1621.224444,1624.256493,1627.284193,1629.300243,1632.320693,1635.336794,1638.348544,1640.353962,1643.358463,1646.358615,1649.354417,1651.349201,1654.337754,1657.321957,1660.30181,1662.285962,1665.258565,1668.226819,1671.190723,1673.164242,1676.120897,1679.073202,1682.021157,1683.984044,1686.924749,1689.861105,1692.793112,1694.745366,1697.670122,1700.590529
125 to 134mm-1,125_134mm,125 to 134mm-1:1,1,2023-09-10 13:52,6,71,merus,saranwrap,,,,,,TS04439,TSH20X9,37.88000107,41.08000183,64,11656,12492,13612,14619,15700,16562,18086,19845,22127,23646,25934,28023,29312,30949,32488,34019,34913,36354,37468,38779,39550,40558,41505,42279,42616,43011,43440,43554,43713,43693,43751,43859,43788,43753,43776,43660,43642,43685,43650,43687,43680,43787,43707,43849,43830,43762,43841,43826,43681,43658,43554,43482,43379,43134,42994,42828,42540,42406,42205,42081,41740,41475,41210,40914,40857,40272,39817,39244,38785,38051,37344,36793,36371,35985,35664,35464,35411,35512,35583,35620,35801,35925,36170,36441,36602,36967,37296,37515,37966,38399,38870,39169,39746,40150,40768,41188,41647,42223,42843,43174,43635,44245,44653,44954,45367,45619,45712,45812,46133,46207,46181,46321,46332,46276,46240,46118,45967,45684,45448,45163,44838,44388,43952,43531,43166,42442,41915,41499,40835,40099,39355,39011,38377,37651,36929,36429,35698,35079,34420,34079,33214,32341,31204,30397,28931,27388,25713,24678,22815,21207,19605,18678,17421,16337,15640,14927,14272,13778,13532,13104,12932,12686,12606,12319,12179,12080,12008,11926,11897,11821,11802,11769,11728,11776,11939,11943,12083,12101,12248,12410,12589,12686,12767,12942,13060,13184,13185,13399,13512,13544,13634,13631,13809,13772,13888,13952,13953,13885,13846,13905,13764,13723,13631,13682,13585,13518,13469,13256,13196,13009,12804,12755,12443,12254,12171,12066,11788,11726,11493,11317,10995,10962,10750,10555,10315,10206,9928,9744,9551,9312,9116,8883,8570,8520,8224,7950,7765,7674,7280,7038,6807,6565,6190,5773,5323,5069,4626,4019,3481,3219,2657,2301,1949,1781,1565,1384
,,,,,,71,merus,saranwrap,,,,,,,,,,,,,,,,,,,,,,,,,,,,,,,,,,,,,,,,,,,,,,,,,,,,,,,,,,,,,,,,,,,,,,,,,,,,,,,,,,,,,,,,,,,,,,,,,,,,,,,,,,,,,,,,,,,,,,,,,,,,,,,,,,,,,,,,,,,,,,,,,,,,,,,,,,,,,,,,,,,,,,,,,,,,,,,,,,,,,,,,,,,,,,,,,,,,,,,,,,,,,,,,,,,,,,,,,,,,,,,,,,,,,,,,,,,,,,,,,,,,,,,,,,,,,,,,,,,,,,,,,,
